school_code,school_name,location,city,school_nature,school_level,is985,is211,is_double_first,description
13892,三亚学院,三亚,三亚市,民办,本科,0,0,0,三亚学院是教育部公布的普通高等学校（本科），位于三亚·三亚市。
11100,海南热带海洋学院,三亚,三亚市,公办,本科,0,0,0,海南热带海洋学院是教育部公布的普通高等学校（本科），位于三亚·三亚市。
11311,三明学院,三明,三明市,公办,本科,0,0,0,三明学院是教育部公布的普通高等学校（本科），位于三明·三明市。
10268,上海中医药大学,上海,上海市,公办,本科,0,1,1,上海中医药大学是教育部公布的普通高等学校（本科），位于上海·上海市。
10248,上海交通大学,上海,上海市,公办,本科,1,1,1,上海交通大学是教育部公布的普通高等学校（本科），位于上海·上海市。
10277,上海体育学院,上海,上海市,公办,本科,0,0,0,上海体育学院是教育部公布的普通高等学校（本科），位于上海·上海市。
10262,上海健康医学院,上海,上海市,公办,本科,0,0,0,上海健康医学院是教育部公布的普通高等学校（本科），位于上海·上海市。
10283,上海公安学院,上海,上海市,公办,本科,0,0,0,上海公安学院是教育部公布的普通高等学校（本科），位于上海·上海市。
12914,上海兴伟学院,上海,上海市,民办,本科,0,0,0,上海兴伟学院是教育部公布的普通高等学校（本科），位于上海·上海市。
12050,上海商学院,上海,上海市,公办,本科,0,0,0,上海商学院是教育部公布的普通高等学校（本科），位于上海·上海市。
10271,上海外国语大学,上海,上海市,公办,本科,0,0,0,上海外国语大学是教育部公布的普通高等学校（本科），位于上海·上海市。
13636,上海外国语大学贤达经济人文学院,上海,上海市,民办,本科,0,0,0,上海外国语大学贤达经济人文学院是教育部公布的普通高等学校（本科），位于上海·上海市。
10280,上海大学,上海,上海市,公办,本科,0,1,1,上海大学是教育部公布的普通高等学校（本科），位于上海·上海市。
10273,上海对外经贸大学,上海,上海市,公办,本科,0,0,0,上海对外经贸大学是教育部公布的普通高等学校（本科），位于上海·上海市。
10856,上海工程技术大学,上海,上海市,公办,本科,0,0,0,上海工程技术大学是教育部公布的普通高等学校（本科），位于上海·上海市。
10270,上海师范大学,上海,上海市,公办,本科,0,0,0,上海师范大学是教育部公布的普通高等学校（本科），位于上海·上海市。
13893,上海师范大学天华学院,上海,上海市,民办,本科,0,0,0,上海师范大学天华学院是教育部公布的普通高等学校（本科），位于上海·上海市。
10259,上海应用技术大学,上海,上海市,公办,本科,0,0,0,上海应用技术大学是教育部公布的普通高等学校（本科），位于上海·上海市。
12799,上海建桥学院,上海,上海市,民办,本科,0,0,0,上海建桥学院是教育部公布的普通高等学校（本科），位于上海·上海市。
10279,上海戏剧学院,上海,上海市,公办,本科,0,0,0,上海戏剧学院是教育部公布的普通高等学校（本科），位于上海·上海市。
11835,上海政法学院,上海,上海市,公办,本科,0,0,0,上海政法学院是教育部公布的普通高等学校（本科），位于上海·上海市。
11833,上海杉达学院,上海,上海市,民办,本科,0,0,0,上海杉达学院是教育部公布的普通高等学校（本科），位于上海·上海市。
10254,上海海事大学,上海,上海市,公办,本科,0,0,0,上海海事大学是教育部公布的普通高等学校（本科），位于上海·上海市。
10274,上海海关学院,上海,上海市,公办,本科,0,0,0,上海海关学院是教育部公布的普通高等学校（本科），位于上海·上海市。
10264,上海海洋大学,上海,上海市,公办,本科,0,0,0,上海海洋大学是教育部公布的普通高等学校（本科），位于上海·上海市。
10252,上海理工大学,上海,上海市,公办,本科,0,0,0,上海理工大学是教育部公布的普通高等学校（本科），位于上海·上海市。
10256,上海电力学院,上海,上海市,公办,本科,0,0,0,上海电力学院是教育部公布的普通高等学校（本科），位于上海·上海市。
11458,上海电机学院,上海,上海市,公办,本科,0,0,0,上海电机学院是教育部公布的普通高等学校（本科），位于上海·上海市。
14423,上海科技大学,上海,上海市,公办,本科,0,0,0,上海科技大学是教育部公布的普通高等学校（本科），位于上海·上海市。
11047,上海立信会计金融学院,上海,上海市,公办,本科,0,0,0,上海立信会计金融学院是教育部公布的普通高等学校（本科），位于上海·上海市。
12044,上海第二工业大学,上海,上海市,公办,本科,0,0,0,上海第二工业大学是教育部公布的普通高等学校（本科），位于上海·上海市。
16404,上海纽约大学,上海,上海市,公办,本科,0,0,0,上海纽约大学是教育部公布的普通高等学校（本科），位于上海·上海市。
13632,上海视觉艺术学院,上海,上海市,民办,本科,0,0,0,上海视觉艺术学院是教育部公布的普通高等学校（本科），位于上海·上海市。
10272,上海财经大学,上海,上海市,公办,本科,0,1,1,上海财经大学是教育部公布的普通高等学校（本科），位于上海·上海市。
10278,上海音乐学院,上海,上海市,公办,本科,0,0,0,上海音乐学院是教育部公布的普通高等学校（本科），位于上海·上海市。
10255,东华大学,上海,上海市,公办,本科,0,1,1,东华大学是教育部公布的普通高等学校（本科），位于上海·上海市。
10269,华东师范大学,上海,上海市,公办,本科,1,1,1,华东师范大学是教育部公布的普通高等学校（本科），位于上海·上海市。
10276,华东政法大学,上海,上海市,公办,本科,0,0,0,华东政法大学是教育部公布的普通高等学校（本科），位于上海·上海市。
10251,华东理工大学,上海,上海市,公办,本科,0,1,1,华东理工大学是教育部公布的普通高等学校（本科），位于上海·上海市。
10247,同济大学,上海,上海市,公办,本科,1,1,1,同济大学是教育部公布的普通高等学校（本科），位于上海·上海市。
10246,复旦大学,上海,上海市,公办,本科,1,1,1,复旦大学是教育部公布的普通高等学校（本科），位于上海·上海市。
10416,上饶师范学院,上饶,上饶市,公办,本科,0,0,0,上饶师范学院是教育部公布的普通高等学校（本科），位于上饶·上饶市。
11819,东莞理工学院,东莞,东莞市,公办,本科,0,0,0,东莞理工学院是教育部公布的普通高等学校（本科），位于东莞·东莞市。
13844,东莞理工学院城市学院,东莞,东莞市,民办,本科,0,0,0,东莞理工学院城市学院是教育部公布的普通高等学校（本科），位于东莞·东莞市。
13719,广东科技学院,东莞,东莞市,民办,本科,0,0,0,广东科技学院是教育部公布的普通高等学校（本科），位于东莞·东莞市。
13386,中国石油大学胜利学院,东营,东营市,民办,本科,0,0,0,中国石油大学胜利学院是教育部公布的普通高等学校（本科），位于东营·东营市。
11545,电子科技大学中山学院,中山,中山市,民办,本科,0,0,0,电子科技大学中山学院是教育部公布的普通高等学校（本科），位于中山·中山市。
10118,山西师范大学,临汾,临汾市,公办,本科,0,0,0,山西师范大学是教育部公布的普通高等学校（本科），位于临汾·临汾市。
13537,山西师范大学现代文理学院,临汾,临汾市,民办,本科,0,0,0,山西师范大学现代文理学院是教育部公布的普通高等学校（本科），位于临汾·临汾市。
10452,临沂大学,临沂,临沂市,公办,本科,0,0,0,临沂大学是教育部公布的普通高等学校（本科），位于临沂·临沂市。
14092,滇西科技师范学院,临沧,临沧市,公办,本科,0,0,0,滇西科技师范学院是教育部公布的普通高等学校（本科），位于临沧·临沧市。
11779,辽东学院,丹东,丹东市,公办,本科,0,0,0,辽东学院是教育部公布的普通高等学校（本科），位于丹东·丹东市。
10352,丽水学院,丽水,丽水市,公办,本科,0,0,0,丽水学院是教育部公布的普通高等学校（本科），位于丽水·丽水市。
13328,云南大学旅游文化学院,丽江,丽江市,民办,本科,0,0,0,云南大学旅游文化学院是教育部公布的普通高等学校（本科），位于丽江·丽江市。
11427,集宁师范学院,乌兰察布,乌兰察布市,公办,本科,0,0,0,集宁师范学院是教育部公布的普通高等学校（本科），位于乌兰察布·乌兰察布市。
10758,新疆农业大学,乌鲁木齐,乌鲁木齐市,公办,本科,0,0,0,新疆农业大学是教育部公布的普通高等学校（本科），位于乌鲁木齐·乌鲁木齐市。
13559,新疆农业大学科学技术学院,乌鲁木齐,乌鲁木齐市,民办,本科,0,0,0,新疆农业大学科学技术学院是教育部公布的普通高等学校（本科），位于乌鲁木齐·乌鲁木齐市。
10760,新疆医科大学,乌鲁木齐,乌鲁木齐市,公办,本科,0,0,0,新疆医科大学是教育部公布的普通高等学校（本科），位于乌鲁木齐·乌鲁木齐市。
13560,新疆医科大学厚博学院,乌鲁木齐,乌鲁木齐市,民办,本科,0,0,0,新疆医科大学厚博学院是教育部公布的普通高等学校（本科），位于乌鲁木齐·乌鲁木齐市。
10755,新疆大学,乌鲁木齐,乌鲁木齐市,公办,本科,1,1,1,新疆大学是教育部公布的普通高等学校（本科），位于乌鲁木齐·乌鲁木齐市。
13558,新疆大学科学技术学院,乌鲁木齐,乌鲁木齐市,民办,本科,0,0,0,新疆大学科学技术学院是教育部公布的普通高等学校（本科），位于乌鲁木齐·乌鲁木齐市。
10994,新疆工程学院,乌鲁木齐,乌鲁木齐市,公办,本科,0,0,0,新疆工程学院是教育部公布的普通高等学校（本科），位于乌鲁木齐·乌鲁木齐市。
10762,新疆师范大学,乌鲁木齐,乌鲁木齐市,公办,本科,0,0,0,新疆师范大学是教育部公布的普通高等学校（本科），位于乌鲁木齐·乌鲁木齐市。
10768,新疆艺术学院,乌鲁木齐,乌鲁木齐市,公办,本科,0,0,0,新疆艺术学院是教育部公布的普通高等学校（本科），位于乌鲁木齐·乌鲁木齐市。
12734,新疆警察学院,乌鲁木齐,乌鲁木齐市,公办,本科,0,0,0,新疆警察学院是教育部公布的普通高等学校（本科），位于乌鲁木齐·乌鲁木齐市。
10766,新疆财经大学,乌鲁木齐,乌鲁木齐市,公办,本科,0,0,0,新疆财经大学是教育部公布的普通高等学校（本科），位于乌鲁木齐·乌鲁木齐市。
13561,新疆财经大学商务学院,乌鲁木齐,乌鲁木齐市,民办,本科,0,0,0,新疆财经大学商务学院是教育部公布的普通高等学校（本科），位于乌鲁木齐·乌鲁木齐市。
10649,乐山师范学院,乐山,乐山市,公办,本科,0,0,0,乐山师范学院是教育部公布的普通高等学校（本科），位于乐山·乐山市。
13668,成都理工大学工程技术学院,乐山,乐山市,民办,本科,0,0,0,成都理工大学工程技术学院是教育部公布的普通高等学校（本科），位于乐山·乐山市。
11843,九江学院,九江,九江市,公办,本科,0,0,0,九江学院是教育部公布的普通高等学校（本科），位于九江·九江市。
13430,南昌大学共青学院,九江,九江市,民办,本科,0,0,0,南昌大学共青学院是教育部公布的普通高等学校（本科），位于九江·九江市。
12926,亳州学院,亳州,亳州市,公办,本科,0,0,0,亳州学院是教育部公布的普通高等学校（本科），位于亳州·亳州市。
10764,伊犁师范学院,"伊犁哈萨克
自治州","伊犁哈萨克
自治州",公办,本科,0,0,0,"伊犁师范学院是教育部公布的普通高等学校（本科），位于伊犁哈萨克
自治州·伊犁哈萨克
自治州。"
11847,佛山科学技术学院,佛山,佛山市,公办,本科,0,0,0,佛山科学技术学院是教育部公布的普通高等学校（本科），位于佛山·佛山市。
12574,广东东软学院,佛山,佛山市,民办,本科,0,0,0,广东东软学院是教育部公布的普通高等学校（本科），位于佛山·佛山市。
10222,佳木斯大学,佳木斯,佳木斯市,公办,本科,0,0,0,佳木斯大学是教育部公布的普通高等学校（本科），位于佳木斯·佳木斯市。
13891,中国地质大学长城学院,保定,保定市,民办,本科,0,0,0,中国地质大学长城学院是教育部公布的普通高等学校（本科），位于保定·保定市。
11903,中央司法警官学院,保定,保定市,公办,本科,0,0,0,中央司法警官学院是教育部公布的普通高等学校（本科），位于保定·保定市。
10096,保定学院,保定,保定市,公办,本科,0,0,0,保定学院是教育部公布的普通高等学校（本科），位于保定·保定市。
13417,华北电力大学科技学院,保定,保定市,民办,本科,0,0,0,华北电力大学科技学院是教育部公布的普通高等学校（本科），位于保定·保定市。
10086,河北农业大学,保定,保定市,公办,本科,0,0,0,河北农业大学是教育部公布的普通高等学校（本科），位于保定·保定市。
13595,河北农业大学现代科技学院,保定,保定市,民办,本科,0,0,0,河北农业大学现代科技学院是教育部公布的普通高等学校（本科），位于保定·保定市。
10075,河北大学,保定,保定市,公办,本科,0,0,0,河北大学是教育部公布的普通高等学校（本科），位于保定·保定市。
13404,河北大学工商学院,保定,保定市,民办,本科,0,0,0,河北大学工商学院是教育部公布的普通高等学校（本科），位于保定·保定市。
13391,河北科技学院,保定,保定市,民办,本科,0,0,0,河北科技学院是教育部公布的普通高等学校（本科），位于保定·保定市。
11420,河北金融学院,保定,保定市,公办,本科,0,0,0,河北金融学院是教育部公布的普通高等学校（本科），位于保定·保定市。
10686,保山学院,保山,保山市,公办,本科,0,0,0,保山学院是教育部公布的普通高等学校（本科），位于保山·保山市。
11326,信阳农林学院,信阳,信阳市,公办,本科,0,0,0,信阳农林学院是教育部公布的普通高等学校（本科），位于信阳·信阳市。
13503,信阳学院,信阳,信阳市,民办,本科,0,0,0,信阳学院是教育部公布的普通高等学校（本科），位于信阳·信阳市。
10477,信阳师范学院,信阳,信阳市,公办,本科,0,0,0,信阳师范学院是教育部公布的普通高等学校（本科），位于信阳·信阳市。
10376,皖西学院,六安,六安市,公办,本科,0,0,0,皖西学院是教育部公布的普通高等学校（本科），位于六安·六安市。
10977,六盘水师范学院,六盘水,六盘水市,公办,本科,0,0,0,六盘水师范学院是教育部公布的普通高等学校（本科），位于六盘水·六盘水市。
10732,兰州交通大学,兰州,兰州市,公办,本科,0,0,0,兰州交通大学是教育部公布的普通高等学校（本科），位于兰州·兰州市。
13514,兰州交通大学博文学院,兰州,兰州市,民办,本科,0,0,0,兰州交通大学博文学院是教育部公布的普通高等学校（本科），位于兰州·兰州市。
10737,兰州城市学院,兰州,兰州市,公办,本科,0,0,0,兰州城市学院是教育部公布的普通高等学校（本科），位于兰州·兰州市。
10730,兰州大学,兰州,兰州市,公办,本科,1,1,1,兰州大学是教育部公布的普通高等学校（本科），位于兰州·兰州市。
11807,兰州工业学院,兰州,兰州市,公办,本科,0,0,0,兰州工业学院是教育部公布的普通高等学校（本科），位于兰州·兰州市。
11562,兰州文理学院,兰州,兰州市,公办,本科,0,0,0,兰州文理学院是教育部公布的普通高等学校（本科），位于兰州·兰州市。
10731,兰州理工大学,兰州,兰州市,公办,本科,0,0,0,兰州理工大学是教育部公布的普通高等学校（本科），位于兰州·兰州市。
13515,兰州理工大学技术工程学院,兰州,兰州市,民办,本科,0,0,0,兰州理工大学技术工程学院是教育部公布的普通高等学校（本科），位于兰州·兰州市。
10741,兰州财经大学,兰州,兰州市,公办,本科,0,0,0,兰州财经大学是教育部公布的普通高等学校（本科），位于兰州·兰州市。
13512,兰州财经大学长青学院,兰州,兰州市,民办,本科,0,0,0,兰州财经大学长青学院是教育部公布的普通高等学校（本科），位于兰州·兰州市。
13511,兰州财经大学陇桥学院,兰州,兰州市,民办,本科,0,0,0,兰州财经大学陇桥学院是教育部公布的普通高等学校（本科），位于兰州·兰州市。
10735,甘肃中医药大学,兰州,兰州市,公办,本科,0,0,0,甘肃中医药大学是教育部公布的普通高等学校（本科），位于兰州·兰州市。
10733,甘肃农业大学,兰州,兰州市,公办,本科,0,0,0,甘肃农业大学是教育部公布的普通高等学校（本科），位于兰州·兰州市。
11406,甘肃政法学院,兰州,兰州市,公办,本科,0,0,0,甘肃政法学院是教育部公布的普通高等学校（本科），位于兰州·兰州市。
10736,西北师范大学,兰州,兰州市,公办,本科,0,0,0,西北师范大学是教育部公布的普通高等学校（本科），位于兰州·兰州市。
13510,西北师范大学知行学院,兰州,兰州市,民办,本科,0,0,0,西北师范大学知行学院是教育部公布的普通高等学校（本科），位于兰州·兰州市。
10742,西北民族大学,兰州,兰州市,公办,本科,0,0,0,西北民族大学是教育部公布的普通高等学校（本科），位于兰州·兰州市。
10640,内江师范学院,内江,内江市,公办,本科,0,0,0,内江师范学院是教育部公布的普通高等学校（本科），位于内江·内江市。
10628,西昌学院,"凉山彝族
自治州","凉山彝族
自治州",公办,本科,0,0,0,"西昌学院是教育部公布的普通高等学校（本科），位于凉山彝族
自治州·凉山彝族
自治州。"
10127,内蒙古科技大学,包头,包头市,公办,本科,0,0,0,内蒙古科技大学是教育部公布的普通高等学校（本科），位于包头·包头市。
11149,中华女子学院,北京,北京市,公办,本科,0,0,0,中华女子学院是教育部公布的普通高等学校（本科），位于北京·北京市。
10041,中国人民公安大学,北京,北京市,公办,本科,0,0,0,中国人民公安大学是教育部公布的普通高等学校（本科），位于北京·北京市。
10002,中国人民大学,北京,北京市,公办,本科,1,1,1,中国人民大学是教育部公布的普通高等学校（本科），位于北京·北京市。
10033,中国传媒大学,北京,北京市,公办,本科,0,1,1,中国传媒大学是教育部公布的普通高等学校（本科），位于北京·北京市。
10019,中国农业大学,北京,北京市,公办,本科,1,1,1,中国农业大学是教育部公布的普通高等学校（本科），位于北京·北京市。
12453,中国劳动关系学院,北京,北京市,公办,本科,0,0,0,中国劳动关系学院是教育部公布的普通高等学校（本科），位于北京·北京市。
11415,中国地质大学（北京）,北京,北京市,公办,本科,1,1,1,中国地质大学（北京）是教育部公布的普通高等学校（本科），位于北京·北京市。
10049,中国戏曲学院,北京,北京市,公办,本科,0,0,0,中国戏曲学院是教育部公布的普通高等学校（本科），位于北京·北京市。
10053,中国政法大学,北京,北京市,公办,本科,0,1,1,中国政法大学是教育部公布的普通高等学校（本科），位于北京·北京市。
11414,中国石油大学（北京）,北京,北京市,公办,本科,1,1,1,中国石油大学（北京）是教育部公布的普通高等学校（本科），位于北京·北京市。
11413,中国矿业大学（北京）,北京,北京市,公办,本科,1,1,1,中国矿业大学（北京）是教育部公布的普通高等学校（本科），位于北京·北京市。
14596,中国社会科学院大学,北京,北京市,公办,本科,0,0,0,中国社会科学院大学是教育部公布的普通高等学校（本科），位于北京·北京市。
14430,中国科学院大学,北京,北京市,公办,本科,0,0,0,中国科学院大学是教育部公布的普通高等学校（本科），位于北京·北京市。
11625,中国青年政治学院,北京,北京市,公办,本科,0,0,0,中国青年政治学院是教育部公布的普通高等学校（本科），位于北京·北京市。
10046,中国音乐学院,北京,北京市,公办,本科,0,0,0,中国音乐学院是教育部公布的普通高等学校（本科），位于北京·北京市。
10048,中央戏剧学院,北京,北京市,公办,本科,0,0,0,中央戏剧学院是教育部公布的普通高等学校（本科），位于北京·北京市。
10052,中央民族大学,北京,北京市,公办,本科,1,1,1,中央民族大学是教育部公布的普通高等学校（本科），位于北京·北京市。
10047,中央美术学院,北京,北京市,公办,本科,0,0,0,中央美术学院是教育部公布的普通高等学校（本科），位于北京·北京市。
10034,中央财经大学,北京,北京市,公办,本科,0,1,1,中央财经大学是教育部公布的普通高等学校（本科），位于北京·北京市。
10045,中央音乐学院,北京,北京市,公办,本科,0,1,1,中央音乐学院是教育部公布的普通高等学校（本科），位于北京·北京市。
10026,北京中医药大学,北京,北京市,公办,本科,0,1,1,北京中医药大学是教育部公布的普通高等学校（本科），位于北京·北京市。
10004,北京交通大学,北京,北京市,公办,本科,0,1,1,北京交通大学是教育部公布的普通高等学校（本科），位于北京·北京市。
10043,北京体育大学,北京,北京市,公办,本科,0,1,1,北京体育大学是教育部公布的普通高等学校（本科），位于北京·北京市。
11232,北京信息科技大学,北京,北京市,公办,本科,0,0,0,北京信息科技大学是教育部公布的普通高等学校（本科），位于北京·北京市。
10020,北京农学院,北京,北京市,公办,本科,0,0,0,北京农学院是教育部公布的普通高等学校（本科），位于北京·北京市。
10010,北京化工大学,北京,北京市,公办,本科,0,1,1,北京化工大学是教育部公布的普通高等学校（本科），位于北京·北京市。
10023,北京协和医学院,北京,北京市,公办,本科,0,1,1,北京协和医学院是教育部公布的普通高等学校（本科），位于北京·北京市。
10015,北京印刷学院,北京,北京市,公办,本科,0,0,0,北京印刷学院是教育部公布的普通高等学校（本科），位于北京·北京市。
12802,北京吉利学院,北京,北京市,民办,本科,0,0,0,北京吉利学院是教育部公布的普通高等学校（本科），位于北京·北京市。
11418,北京城市学院,北京,北京市,民办,本科,0,0,0,北京城市学院是教育部公布的普通高等学校（本科），位于北京·北京市。
10030,北京外国语大学,北京,北京市,公办,本科,0,1,1,北京外国语大学是教育部公布的普通高等学校（本科），位于北京·北京市。
10001,北京大学,北京,北京市,公办,本科,1,1,1,北京大学是教育部公布的普通高等学校（本科），位于北京·北京市。
10005,北京工业大学,北京,北京市,公办,本科,0,1,1,北京工业大学是教育部公布的普通高等学校（本科），位于北京·北京市。
13904,北京工业大学耿丹学院,北京,北京市,民办,本科,0,0,0,北京工业大学耿丹学院是教育部公布的普通高等学校（本科），位于北京·北京市。
10011,北京工商大学,北京,北京市,公办,本科,0,0,0,北京工商大学是教育部公布的普通高等学校（本科），位于北京·北京市。
13630,北京工商大学嘉华学院,北京,北京市,民办,本科,0,0,0,北京工商大学嘉华学院是教育部公布的普通高等学校（本科），位于北京·北京市。
10027,北京师范大学,北京,北京市,公办,本科,1,1,1,北京师范大学是教育部公布的普通高等学校（本科），位于北京·北京市。
10016,北京建筑大学,北京,北京市,公办,本科,0,0,0,北京建筑大学是教育部公布的普通高等学校（本科），位于北京·北京市。
10012,北京服装学院,北京,北京市,公办,本科,0,0,0,北京服装学院是教育部公布的普通高等学校（本科），位于北京·北京市。
10022,北京林业大学,北京,北京市,公办,本科,0,1,1,北京林业大学是教育部公布的普通高等学校（本科），位于北京·北京市。
10037,北京物资学院,北京,北京市,公办,本科,0,0,0,北京物资学院是教育部公布的普通高等学校（本科），位于北京·北京市。
10007,北京理工大学,北京,北京市,公办,本科,1,1,1,北京理工大学是教育部公布的普通高等学校（本科），位于北京·北京市。
10018,北京电子科技学院,北京,北京市,公办,本科,0,0,0,北京电子科技学院是教育部公布的普通高等学校（本科），位于北京·北京市。
10050,北京电影学院,北京,北京市,公办,本科,0,0,0,北京电影学院是教育部公布的普通高等学校（本科），位于北京·北京市。
10017,北京石油化工学院,北京,北京市,公办,本科,0,0,0,北京石油化工学院是教育部公布的普通高等学校（本科），位于北京·北京市。
10008,北京科技大学,北京,北京市,公办,本科,0,1,1,北京科技大学是教育部公布的普通高等学校（本科），位于北京·北京市。
10031,北京第二外国语学院,北京,北京市,公办,本科,0,0,0,北京第二外国语学院是教育部公布的普通高等学校（本科），位于北京·北京市。
14201,北京第二外国语学院中瑞酒店管理学院,北京,北京市,民办,本科,0,0,0,北京第二外国语学院中瑞酒店管理学院是教育部公布的普通高等学校（本科），位于北京·北京市。
11417,北京联合大学,北京,北京市,公办,本科,0,0,0,北京联合大学是教育部公布的普通高等学校（本科），位于北京·北京市。
10051,北京舞蹈学院,北京,北京市,公办,本科,0,0,0,北京舞蹈学院是教育部公布的普通高等学校（本科），位于北京·北京市。
10006,北京航空航天大学,北京,北京市,公办,本科,1,1,1,北京航空航天大学是教育部公布的普通高等学校（本科），位于北京·北京市。
14019,北京警察学院,北京,北京市,公办,本科,0,0,0,北京警察学院是教育部公布的普通高等学校（本科），位于北京·北京市。
10032,北京语言大学,北京,北京市,公办,本科,0,0,0,北京语言大学是教育部公布的普通高等学校（本科），位于北京·北京市。
10013,北京邮电大学,北京,北京市,公办,本科,0,1,1,北京邮电大学是教育部公布的普通高等学校（本科），位于北京·北京市。
13901,北京邮电大学世纪学院,北京,北京市,民办,本科,0,0,0,北京邮电大学世纪学院是教育部公布的普通高等学校（本科），位于北京·北京市。
10009,北方工业大学,北京,北京市,公办,本科,0,0,0,北方工业大学是教育部公布的普通高等学校（本科），位于北京·北京市。
10054,华北电力大学,北京,北京市,公办,本科,0,1,1,华北电力大学是教育部公布的普通高等学校（本科），位于北京·北京市。
10042,国际关系学院,北京,北京市,公办,本科,0,0,0,国际关系学院是教育部公布的普通高等学校（本科），位于北京·北京市。
10040,外交学院,北京,北京市,公办,本科,0,0,0,外交学院是教育部公布的普通高等学校（本科），位于北京·北京市。
10036,对外经济贸易大学,北京,北京市,公办,本科,0,1,1,对外经济贸易大学是教育部公布的普通高等学校（本科），位于北京·北京市。
10003,清华大学,北京,北京市,公办,本科,1,1,1,清华大学是教育部公布的普通高等学校（本科），位于北京·北京市。
10029,首都体育学院,北京,北京市,公办,本科,0,0,0,首都体育学院是教育部公布的普通高等学校（本科），位于北京·北京市。
10025,首都医科大学,北京,北京市,公办,本科,0,1,1,首都医科大学是教育部公布的普通高等学校（本科），位于北京·北京市。
10028,首都师范大学,北京,北京市,公办,本科,0,0,0,首都师范大学是教育部公布的普通高等学校（本科），位于北京·北京市。
13629,首都师范大学科德学院,北京,北京市,民办,本科,0,0,0,首都师范大学科德学院是教育部公布的普通高等学校（本科），位于北京·北京市。
10038,首都经济贸易大学,北京,北京市,公办,本科,0,0,0,首都经济贸易大学是教育部公布的普通高等学校（本科），位于北京·北京市。
11831,首钢工学院,北京,北京市,公办,本科,0,0,0,首钢工学院是教育部公布的普通高等学校（本科），位于北京·北京市。
13890,北京航空航天大学北海学院,北海,北海市,民办,本科,0,0,0,北京航空航天大学北海学院是教育部公布的普通高等学校（本科），位于北海·北海市。
13524,北海艺术设计学院,北海,北海市,民办,本科,0,0,0,北海艺术设计学院是教育部公布的普通高等学校（本科），位于北海·北海市。
10518,汉江师范学院,十堰,十堰市,公办,本科,0,0,0,汉江师范学院是教育部公布的普通高等学校（本科），位于十堰·十堰市。
10929,湖北医药学院,十堰,十堰市,公办,本科,0,0,0,湖北医药学院是教育部公布的普通高等学校（本科），位于十堰·十堰市。
13249,湖北医药学院药护学院,十堰,十堰市,民办,本科,0,0,0,湖北医药学院药护学院是教育部公布的普通高等学校（本科），位于十堰·十堰市。
10525,湖北汽车工业学院,十堰,十堰市,公办,本科,0,0,0,湖北汽车工业学院是教育部公布的普通高等学校（本科），位于十堰·十堰市。
13248,湖北汽车工业学院科技学院,十堰,十堰市,民办,本科,0,0,0,湖北汽车工业学院科技学院是教育部公布的普通高等学校（本科），位于十堰·十堰市。
11122,三江学院,南京,南京市,民办,本科,0,0,0,三江学院是教育部公布的普通高等学校（本科），位于南京·南京市。
10286,东南大学,南京,南京市,公办,本科,1,1,1,东南大学是教育部公布的普通高等学校（本科），位于南京·南京市。
12689,东南大学成贤学院,南京,南京市,民办,本科,0,0,0,东南大学成贤学院是教育部公布的普通高等学校（本科），位于南京·南京市。
13687,中国传媒大学南广学院,南京,南京市,民办,本科,0,0,0,中国传媒大学南广学院是教育部公布的普通高等学校（本科），位于南京·南京市。
10316,中国药科大学,南京,南京市,公办,本科,0,1,1,中国药科大学是教育部公布的普通高等学校（本科），位于南京·南京市。
10315,南京中医药大学,南京,南京市,公办,本科,0,0,0,南京中医药大学是教育部公布的普通高等学校（本科），位于南京·南京市。
10330,南京体育学院,南京,南京市,公办,本科,0,0,0,南京体育学院是教育部公布的普通高等学校（本科），位于南京·南京市。
10300,南京信息工程大学,南京,南京市,公办,本科,0,0,0,南京信息工程大学是教育部公布的普通高等学校（本科），位于南京·南京市。
13982,南京信息工程大学滨江学院,南京,南京市,民办,本科,0,0,0,南京信息工程大学滨江学院是教育部公布的普通高等学校（本科），位于南京·南京市。
10307,南京农业大学,南京,南京市,公办,本科,0,1,1,南京农业大学是教育部公布的普通高等学校（本科），位于南京·南京市。
10312,南京医科大学,南京,南京市,公办,本科,0,1,1,南京医科大学是教育部公布的普通高等学校（本科），位于南京·南京市。
10284,南京大学,南京,南京市,公办,本科,1,1,1,南京大学是教育部公布的普通高等学校（本科），位于南京·南京市。
13646,南京大学金陵学院,南京,南京市,民办,本科,0,0,0,南京大学金陵学院是教育部公布的普通高等学校（本科），位于南京·南京市。
11287,南京审计大学,南京,南京市,公办,本科,0,0,0,南京审计大学是教育部公布的普通高等学校（本科），位于南京·南京市。
13994,南京审计大学金审学院,南京,南京市,民办,本科,0,0,0,南京审计大学金审学院是教育部公布的普通高等学校（本科），位于南京·南京市。
10291,南京工业大学,南京,南京市,公办,本科,0,0,0,南京工业大学是教育部公布的普通高等学校（本科），位于南京·南京市。
13905,南京工业大学浦江学院,南京,南京市,民办,本科,0,0,0,南京工业大学浦江学院是教育部公布的普通高等学校（本科），位于南京·南京市。
11276,南京工程学院,南京,南京市,公办,本科,0,0,0,南京工程学院是教育部公布的普通高等学校（本科），位于南京·南京市。
10319,南京师范大学,南京,南京市,公办,本科,0,1,1,南京师范大学是教育部公布的普通高等学校（本科），位于南京·南京市。
13906,南京师范大学中北学院,南京,南京市,民办,本科,0,0,0,南京师范大学中北学院是教育部公布的普通高等学校（本科），位于南京·南京市。
11460,南京晓庄学院,南京,南京市,公办,本科,0,0,0,南京晓庄学院是教育部公布的普通高等学校（本科），位于南京·南京市。
10298,南京林业大学,南京,南京市,公办,本科,0,0,0,南京林业大学是教育部公布的普通高等学校（本科），位于南京·南京市。
12213,南京森林警察学院,南京,南京市,公办,本科,0,0,0,南京森林警察学院是教育部公布的普通高等学校（本科），位于南京·南京市。
12048,南京特殊教育师范学院,南京,南京市,公办,本科,0,0,0,南京特殊教育师范学院是教育部公布的普通高等学校（本科），位于南京·南京市。
10288,南京理工大学,南京,南京市,公办,本科,0,1,1,南京理工大学是教育部公布的普通高等学校（本科），位于南京·南京市。
13654,南京理工大学紫金学院,南京,南京市,民办,本科,0,0,0,南京理工大学紫金学院是教育部公布的普通高等学校（本科），位于南京·南京市。
10287,南京航空航天大学,南京,南京市,公办,本科,0,1,1,南京航空航天大学是教育部公布的普通高等学校（本科），位于南京·南京市。
13655,南京航空航天大学金城学院,南京,南京市,民办,本科,0,0,0,南京航空航天大学金城学院是教育部公布的普通高等学校（本科），位于南京·南京市。
10331,南京艺术学院,南京,南京市,公办,本科,0,0,0,南京艺术学院是教育部公布的普通高等学校（本科），位于南京·南京市。
10327,南京财经大学,南京,南京市,公办,本科,0,0,0,南京财经大学是教育部公布的普通高等学校（本科），位于南京·南京市。
10293,南京邮电大学,南京,南京市,公办,本科,0,0,0,南京邮电大学是教育部公布的普通高等学校（本科），位于南京·南京市。
14436,江苏第二师范学院,南京,南京市,公办,本科,0,0,0,江苏第二师范学院是教育部公布的普通高等学校（本科），位于南京·南京市。
10329,江苏警官学院,南京,南京市,公办,本科,0,0,0,江苏警官学院是教育部公布的普通高等学校（本科），位于南京·南京市。
10294,河海大学,南京,南京市,公办,本科,0,1,1,河海大学是教育部公布的普通高等学校（本科），位于南京·南京市。
13573,金陵科技学院,南京,南京市,公办,本科,0,0,0,金陵科技学院是教育部公布的普通高等学校（本科），位于南京·南京市。
10634,川北医学院,南充,南充市,公办,本科,0,0,0,川北医学院是教育部公布的普通高等学校（本科），位于南充·南充市。
10638,西华师范大学,南充,南充市,公办,本科,0,0,0,西华师范大学是教育部公布的普通高等学校（本科），位于南充·南充市。
14262,西南交通大学希望学院,南充,南充市,民办,本科,0,0,0,西南交通大学希望学院是教育部公布的普通高等学校（本科），位于南充·南充市。
11549,南宁学院,南宁,南宁市,民办,本科,0,0,0,南宁学院是教育部公布的普通高等学校（本科），位于南宁·南宁市。
10600,广西中医药大学,南宁,南宁市,公办,本科,0,0,0,广西中医药大学是教育部公布的普通高等学校（本科），位于南宁·南宁市。
13643,广西中医药大学赛恩斯新医药学院,南宁,南宁市,民办,本科,0,0,0,广西中医药大学赛恩斯新医药学院是教育部公布的普通高等学校（本科），位于南宁·南宁市。
10598,广西医科大学,南宁,南宁市,公办,本科,0,0,0,广西医科大学是教育部公布的普通高等学校（本科），位于南宁·南宁市。
13830,广西外国语学院,南宁,南宁市,民办,本科,0,0,0,广西外国语学院是教育部公布的普通高等学校（本科），位于南宁·南宁市。
10593,广西大学,南宁,南宁市,公办,本科,1,1,1,广西大学是教育部公布的普通高等学校（本科），位于南宁·南宁市。
13638,广西大学行健文理学院,南宁,南宁市,民办,本科,0,0,0,广西大学行健文理学院是教育部公布的普通高等学校（本科），位于南宁·南宁市。
10603,广西师范学院,南宁,南宁市,公办,本科,0,0,0,广西师范学院是教育部公布的普通高等学校（本科），位于南宁·南宁市。
13642,广西师范学院师园学院,南宁,南宁市,民办,本科,0,0,0,广西师范学院师园学院是教育部公布的普通高等学校（本科），位于南宁·南宁市。
10608,广西民族大学,南宁,南宁市,公办,本科,0,0,0,广西民族大学是教育部公布的普通高等学校（本科），位于南宁·南宁市。
13640,广西民族大学相思湖学院,南宁,南宁市,民办,本科,0,0,0,广西民族大学相思湖学院是教育部公布的普通高等学校（本科），位于南宁·南宁市。
10607,广西艺术学院,南宁,南宁市,公办,本科,0,0,0,广西艺术学院是教育部公布的普通高等学校（本科），位于南宁·南宁市。
13520,广西警察学院,南宁,南宁市,公办,本科,0,0,0,广西警察学院是教育部公布的普通高等学校（本科），位于南宁·南宁市。
11548,广西财经学院,南宁,南宁市,公办,本科,0,0,0,广西财经学院是教育部公布的普通高等学校（本科），位于南宁·南宁市。
10397,武夷学院,南平,南平市,公办,本科,0,0,0,武夷学院是教育部公布的普通高等学校（本科），位于南平·南平市。
10404,华东交通大学,南昌,南昌市,公办,本科,0,0,0,华东交通大学是教育部公布的普通高等学校（本科），位于南昌·南昌市。
13431,华东交通大学理工学院,南昌,南昌市,民办,本科,0,0,0,华东交通大学理工学院是教育部公布的普通高等学校（本科），位于南昌·南昌市。
10403,南昌大学,南昌,南昌市,公办,本科,0,1,1,南昌大学是教育部公布的普通高等学校（本科），位于南昌·南昌市。
13429,南昌大学科学技术学院,南昌,南昌市,民办,本科,0,0,0,南昌大学科学技术学院是教育部公布的普通高等学校（本科），位于南昌·南昌市。
13421,南昌工学院,南昌,南昌市,民办,本科,0,0,0,南昌工学院是教育部公布的普通高等学校（本科），位于南昌·南昌市。
11319,南昌工程学院,南昌,南昌市,公办,本科,0,0,0,南昌工程学院是教育部公布的普通高等学校（本科），位于南昌·南昌市。
14437,南昌师范学院,南昌,南昌市,公办,本科,0,0,0,南昌师范学院是教育部公布的普通高等学校（本科），位于南昌·南昌市。
12795,南昌理工学院,南昌,南昌市,民办,本科,0,0,0,南昌理工学院是教育部公布的普通高等学校（本科），位于南昌·南昌市。
10406,南昌航空大学,南昌,南昌市,公办,本科,0,0,0,南昌航空大学是教育部公布的普通高等学校（本科），位于南昌·南昌市。
13433,南昌航空大学科技学院,南昌,南昌市,民办,本科,0,0,0,南昌航空大学科技学院是教育部公布的普通高等学校（本科），位于南昌·南昌市。
10412,江西中医药大学,南昌,南昌市,公办,本科,0,0,0,江西中医药大学是教育部公布的普通高等学校（本科），位于南昌·南昌市。
13437,江西中医药大学科技学院,南昌,南昌市,民办,本科,0,0,0,江西中医药大学科技学院是教育部公布的普通高等学校（本科），位于南昌·南昌市。
10410,江西农业大学,南昌,南昌市,公办,本科,0,0,0,江西农业大学是教育部公布的普通高等学校（本科），位于南昌·南昌市。
13436,江西农业大学南昌商学院,南昌,南昌市,民办,本科,0,0,0,江西农业大学南昌商学院是教育部公布的普通高等学校（本科），位于南昌·南昌市。
10414,江西师范大学,南昌,南昌市,公办,本科,0,0,0,江西师范大学是教育部公布的普通高等学校（本科），位于南昌·南昌市。
13438,江西师范大学科学技术学院,南昌,南昌市,民办,本科,0,0,0,江西师范大学科学技术学院是教育部公布的普通高等学校（本科），位于南昌·南昌市。
12938,江西应用科技学院,南昌,南昌市,民办,本科,0,0,0,江西应用科技学院是教育部公布的普通高等学校（本科），位于南昌·南昌市。
13418,江西服装学院,南昌,南昌市,民办,本科,0,0,0,江西服装学院是教育部公布的普通高等学校（本科），位于南昌·南昌市。
10846,江西科技学院,南昌,南昌市,民办,本科,0,0,0,江西科技学院是教育部公布的普通高等学校（本科），位于南昌·南昌市。
11318,江西科技师范大学,南昌,南昌市,公办,本科,0,0,0,江西科技师范大学是教育部公布的普通高等学校（本科），位于南昌·南昌市。
13440,江西科技师范大学理工学院,南昌,南昌市,民办,本科,0,0,0,江西科技师范大学理工学院是教育部公布的普通高等学校（本科），位于南昌·南昌市。
11504,江西警察学院,南昌,南昌市,公办,本科,0,0,0,江西警察学院是教育部公布的普通高等学校（本科），位于南昌·南昌市。
10421,江西财经大学,南昌,南昌市,公办,本科,0,0,0,江西财经大学是教育部公布的普通高等学校（本科），位于南昌·南昌市。
13441,江西财经大学现代经济管理学院,南昌,南昌市,民办,本科,0,0,0,江西财经大学现代经济管理学院是教育部公布的普通高等学校（本科），位于南昌·南昌市。
13774,豫章师范学院,南昌,南昌市,公办,本科,0,0,0,豫章师范学院是教育部公布的普通高等学校（本科），位于南昌·南昌市。
10304,南通大学,南通,南通市,公办,本科,0,0,0,南通大学是教育部公布的普通高等学校（本科），位于南通·南通市。
13993,南通大学杏林学院,南通,南通市,民办,本科,0,0,0,南通大学杏林学院是教育部公布的普通高等学校（本科），位于南通·南通市。
12056,南通理工学院,南通,南通市,民办,本科,0,0,0,南通理工学院是教育部公布的普通高等学校（本科），位于南通·南通市。
10481,南阳师范学院,南阳,南阳市,公办,本科,0,0,0,南阳师范学院是教育部公布的普通高等学校（本科），位于南阳·南阳市。
11653,南阳理工学院,南阳,南阳市,公办,本科,0,0,0,南阳理工学院是教育部公布的普通高等学校（本科），位于南阳·南阳市。
12631,厦门医学院,厦门,厦门市,公办,本科,0,0,0,厦门医学院是教育部公布的普通高等学校（本科），位于厦门·厦门市。
12709,厦门华厦学院,厦门,厦门市,民办,本科,0,0,0,厦门华厦学院是教育部公布的普通高等学校（本科），位于厦门·厦门市。
10384,厦门大学,厦门,厦门市,公办,本科,1,1,1,厦门大学是教育部公布的普通高等学校（本科），位于厦门·厦门市。
13115,厦门工学院,厦门,厦门市,民办,本科,0,0,0,厦门工学院是教育部公布的普通高等学校（本科），位于厦门·厦门市。
11062,厦门理工学院,厦门,厦门市,公办,本科,0,0,0,厦门理工学院是教育部公布的普通高等学校（本科），位于厦门·厦门市。
10390,集美大学,厦门,厦门市,公办,本科,0,0,0,集美大学是教育部公布的普通高等学校（本科），位于厦门·厦门市。
13471,集美大学诚毅学院,厦门,厦门市,民办,本科,0,0,0,集美大学诚毅学院是教育部公布的普通高等学校（本科），位于厦门·厦门市。
10350,台州学院,台州,台州市,公办,本科,0,0,0,台州学院是教育部公布的普通高等学校（本科），位于台州·台州市。
10358,中国科学技术大学,合肥,合肥市,公办,本科,1,1,1,中国科学技术大学是教育部公布的普通高等学校（本科），位于合肥·合肥市。
11059,合肥学院,合肥,合肥市,公办,本科,0,0,0,合肥学院是教育部公布的普通高等学校（本科），位于合肥·合肥市。
10359,合肥工业大学,合肥,合肥市,公办,本科,0,1,1,合肥工业大学是教育部公布的普通高等学校（本科），位于合肥·合肥市。
14098,合肥师范学院,合肥,合肥市,公办,本科,0,0,0,合肥师范学院是教育部公布的普通高等学校（本科），位于合肥·合肥市。
10959,安徽三联学院,合肥,合肥市,民办,本科,0,0,0,安徽三联学院是教育部公布的普通高等学校（本科），位于合肥·合肥市。
10369,安徽中医药大学,合肥,合肥市,公办,本科,0,0,0,安徽中医药大学是教育部公布的普通高等学校（本科），位于合肥·合肥市。
10364,安徽农业大学,合肥,合肥市,公办,本科,0,0,0,安徽农业大学是教育部公布的普通高等学校（本科），位于合肥·合肥市。
13616,安徽农业大学经济技术学院,合肥,合肥市,民办,本科,0,0,0,安徽农业大学经济技术学院是教育部公布的普通高等学校（本科），位于合肥·合肥市。
10366,安徽医科大学,合肥,合肥市,公办,本科,0,0,0,安徽医科大学是教育部公布的普通高等学校（本科），位于合肥·合肥市。
13618,安徽医科大学临床医学院,合肥,合肥市,民办,本科,0,0,0,安徽医科大学临床医学院是教育部公布的普通高等学校（本科），位于合肥·合肥市。
13065,安徽外国语学院,合肥,合肥市,民办,本科,0,0,0,安徽外国语学院是教育部公布的普通高等学校（本科），位于合肥·合肥市。
10357,安徽大学,合肥,合肥市,公办,本科,0,1,1,安徽大学是教育部公布的普通高等学校（本科），位于合肥·合肥市。
13612,安徽大学江淮学院,合肥,合肥市,民办,本科,0,0,0,安徽大学江淮学院是教育部公布的普通高等学校（本科），位于合肥·合肥市。
10878,安徽建筑大学,合肥,合肥市,公办,本科,0,0,0,安徽建筑大学是教育部公布的普通高等学校（本科），位于合肥·合肥市。
13615,安徽建筑大学城市建设学院,合肥,合肥市,民办,本科,0,0,0,安徽建筑大学城市建设学院是教育部公布的普通高等学校（本科），位于合肥·合肥市。
12810,安徽文达信息工程学院,合肥,合肥市,民办,本科,0,0,0,安徽文达信息工程学院是教育部公布的普通高等学校（本科），位于合肥·合肥市。
12216,安徽新华学院,合肥,合肥市,民办,本科,0,0,0,安徽新华学院是教育部公布的普通高等学校（本科），位于合肥·合肥市。
10380,巢湖学院,合肥,合肥市,公办,本科,0,0,0,巢湖学院是教育部公布的普通高等学校（本科），位于合肥·合肥市。
10419,井冈山大学,吉安,吉安市,公办,本科,0,0,0,井冈山大学是教育部公布的普通高等学校（本科），位于吉安·吉安市。
10188,东北电力大学,吉林,吉林市,公办,本科,0,0,0,东北电力大学是教育部公布的普通高等学校（本科），位于吉林·吉林市。
10201,北华大学,吉林,吉林市,公办,本科,0,0,0,北华大学是教育部公布的普通高等学校（本科），位于吉林·吉林市。
11439,吉林农业科技学院,吉林,吉林市,公办,本科,0,0,0,吉林农业科技学院是教育部公布的普通高等学校（本科），位于吉林·吉林市。
10192,吉林化工学院,吉林,吉林市,公办,本科,0,0,0,吉林化工学院是教育部公布的普通高等学校（本科），位于吉林·吉林市。
13706,吉林医药学院,吉林,吉林市,公办,本科,0,0,0,吉林医药学院是教育部公布的普通高等学校（本科），位于吉林·吉林市。
10812,吕梁学院,吕梁,吕梁市,公办,本科,0,0,0,吕梁学院是教育部公布的普通高等学校（本科），位于吕梁·吕梁市。
10478,周口师范学院,周口,周口市,公办,本科,0,0,0,周口师范学院是教育部公布的普通高等学校（本科），位于周口·周口市。
10819,呼伦贝尔学院,呼伦贝尔,呼伦贝尔市,公办,本科,0,0,0,呼伦贝尔学院是教育部公布的普通高等学校（本科），位于呼伦贝尔·呼伦贝尔市。
10129,内蒙古农业大学,呼和浩特,呼和浩特市,公办,本科,0,0,0,内蒙古农业大学是教育部公布的普通高等学校（本科），位于呼和浩特·呼和浩特市。
10132,内蒙古医科大学,呼和浩特,呼和浩特市,公办,本科,0,0,0,内蒙古医科大学是教育部公布的普通高等学校（本科），位于呼和浩特·呼和浩特市。
10126,内蒙古大学,呼和浩特,呼和浩特市,公办,本科,1,1,1,内蒙古大学是教育部公布的普通高等学校（本科），位于呼和浩特·呼和浩特市。
14199,内蒙古大学创业学院,呼和浩特,呼和浩特市,民办,本科,0,0,0,内蒙古大学创业学院是教育部公布的普通高等学校（本科），位于呼和浩特·呼和浩特市。
10128,内蒙古工业大学,呼和浩特,呼和浩特市,公办,本科,0,0,0,内蒙古工业大学是教育部公布的普通高等学校（本科），位于呼和浩特·呼和浩特市。
10135,内蒙古师范大学,呼和浩特,呼和浩特市,公办,本科,0,0,0,内蒙古师范大学是教育部公布的普通高等学校（本科），位于呼和浩特·呼和浩特市。
14205,内蒙古师范大学鸿德学院,呼和浩特,呼和浩特市,民办,本科,0,0,0,内蒙古师范大学鸿德学院是教育部公布的普通高等学校（本科），位于呼和浩特·呼和浩特市。
14531,内蒙古艺术学院,呼和浩特,呼和浩特市,公办,本科,0,0,0,内蒙古艺术学院是教育部公布的普通高等学校（本科），位于呼和浩特·呼和浩特市。
10139,内蒙古财经大学,呼和浩特,呼和浩特市,公办,本科,0,0,0,内蒙古财经大学是教育部公布的普通高等学校（本科），位于呼和浩特·呼和浩特市。
11709,呼和浩特民族学院,呼和浩特,呼和浩特市,公办,本科,0,0,0,呼和浩特民族学院是教育部公布的普通高等学校（本科），位于呼和浩特·呼和浩特市。
10927,湖北科技学院,咸宁,咸宁市,公办,本科,0,0,0,湖北科技学院是教育部公布的普通高等学校（本科），位于咸宁·咸宁市。
10722,咸阳师范学院,咸阳,咸阳市,公办,本科,0,0,0,咸阳师范学院是教育部公布的普通高等学校（本科），位于咸阳·咸阳市。
10712,西北农林科技大学,咸阳,咸阳市,公办,本科,0,0,0,西北农林科技大学是教育部公布的普通高等学校（本科），位于咸阳·咸阳市。
10695,西藏民族大学,咸阳,咸阳市,公办,本科,0,0,0,西藏民族大学是教育部公布的普通高等学校（本科），位于咸阳·咸阳市。
10716,陕西中医药大学,咸阳,咸阳市,公办,本科,0,0,0,陕西中医药大学是教育部公布的普通高等学校（本科），位于咸阳·咸阳市。
13123,陕西国际商贸学院,咸阳,咸阳市,民办,本科,0,0,0,陕西国际商贸学院是教育部公布的普通高等学校（本科），位于咸阳·咸阳市。
13125,陕西服装工程学院,咸阳,咸阳市,民办,本科,0,0,0,陕西服装工程学院是教育部公布的普通高等学校（本科），位于咸阳·咸阳市。
13681,陕西科技大学镐京学院,咸阳,咸阳市,民办,本科,0,0,0,陕西科技大学镐京学院是教育部公布的普通高等学校（本科），位于咸阳·咸阳市。
10224,东北农业大学,哈尔滨,哈尔滨市,公办,本科,0,1,1,东北农业大学是教育部公布的普通高等学校（本科），位于哈尔滨·哈尔滨市。
10225,东北林业大学,哈尔滨,哈尔滨市,公办,本科,0,1,1,东北林业大学是教育部公布的普通高等学校（本科），位于哈尔滨·哈尔滨市。
10242,哈尔滨体育学院,哈尔滨,哈尔滨市,公办,本科,0,0,0,哈尔滨体育学院是教育部公布的普通高等学校（本科），位于哈尔滨·哈尔滨市。
11635,哈尔滨信息工程学院,哈尔滨,哈尔滨市,民办,本科,0,0,0,哈尔滨信息工程学院是教育部公布的普通高等学校（本科），位于哈尔滨·哈尔滨市。
13303,哈尔滨剑桥学院,哈尔滨,哈尔滨市,民办,本科,0,0,0,哈尔滨剑桥学院是教育部公布的普通高等学校（本科），位于哈尔滨·哈尔滨市。
10226,哈尔滨医科大学,哈尔滨,哈尔滨市,公办,本科,0,1,1,哈尔滨医科大学是教育部公布的普通高等学校（本科），位于哈尔滨·哈尔滨市。
13307,哈尔滨华德学院,哈尔滨,哈尔滨市,民办,本科,0,0,0,哈尔滨华德学院是教育部公布的普通高等学校（本科），位于哈尔滨·哈尔滨市。
10240,哈尔滨商业大学,哈尔滨,哈尔滨市,公办,本科,0,0,0,哈尔滨商业大学是教育部公布的普通高等学校（本科），位于哈尔滨·哈尔滨市。
10234,哈尔滨学院,哈尔滨,哈尔滨市,公办,本科,0,0,0,哈尔滨学院是教育部公布的普通高等学校（本科），位于哈尔滨·哈尔滨市。
10213,哈尔滨工业大学,哈尔滨,哈尔滨市,公办,本科,1,1,1,哈尔滨工业大学是教育部公布的普通高等学校（本科），位于哈尔滨·哈尔滨市。
10217,哈尔滨工程大学,哈尔滨,哈尔滨市,公办,本科,0,1,1,哈尔滨工程大学是教育部公布的普通高等学校（本科），位于哈尔滨·哈尔滨市。
10231,哈尔滨师范大学,哈尔滨,哈尔滨市,公办,本科,0,0,0,哈尔滨师范大学是教育部公布的普通高等学校（本科），位于哈尔滨·哈尔滨市。
13306,哈尔滨广厦学院,哈尔滨,哈尔滨市,民办,本科,0,0,0,哈尔滨广厦学院是教育部公布的普通高等学校（本科），位于哈尔滨·哈尔滨市。
10214,哈尔滨理工大学,哈尔滨,哈尔滨市,公办,本科,0,0,0,哈尔滨理工大学是教育部公布的普通高等学校（本科），位于哈尔滨·哈尔滨市。
13299,哈尔滨石油学院,哈尔滨,哈尔滨市,民办,本科,0,0,0,哈尔滨石油学院是教育部公布的普通高等学校（本科），位于哈尔滨·哈尔滨市。
13301,哈尔滨远东理工学院,哈尔滨,哈尔滨市,民办,本科,0,0,0,哈尔滨远东理工学院是教育部公布的普通高等学校（本科），位于哈尔滨·哈尔滨市。
10245,哈尔滨金融学院,哈尔滨,哈尔滨市,公办,本科,0,0,0,哈尔滨金融学院是教育部公布的普通高等学校（本科），位于哈尔滨·哈尔滨市。
14560,哈尔滨音乐学院,哈尔滨,哈尔滨市,公办,本科,0,0,0,哈尔滨音乐学院是教育部公布的普通高等学校（本科），位于哈尔滨·哈尔滨市。
11446,黑龙江东方学院,哈尔滨,哈尔滨市,民办,本科,0,0,0,黑龙江东方学院是教育部公布的普通高等学校（本科），位于哈尔滨·哈尔滨市。
10228,黑龙江中医药大学,哈尔滨,哈尔滨市,公办,本科,0,0,0,黑龙江中医药大学是教育部公布的普通高等学校（本科），位于哈尔滨·哈尔滨市。
13296,黑龙江外国语学院,哈尔滨,哈尔滨市,民办,本科,0,0,0,黑龙江外国语学院是教育部公布的普通高等学校（本科），位于哈尔滨·哈尔滨市。
10212,黑龙江大学,哈尔滨,哈尔滨市,公办,本科,0,0,0,黑龙江大学是教育部公布的普通高等学校（本科），位于哈尔滨·哈尔滨市。
13300,黑龙江工商学院,哈尔滨,哈尔滨市,民办,本科,0,0,0,黑龙江工商学院是教育部公布的普通高等学校（本科），位于哈尔滨·哈尔滨市。
11802,黑龙江工程学院,哈尔滨,哈尔滨市,公办,本科,0,0,0,黑龙江工程学院是教育部公布的普通高等学校（本科），位于哈尔滨·哈尔滨市。
13304,黑龙江工程学院昆仑旅游学院,哈尔滨,哈尔滨市,民办,本科,0,0,0,黑龙江工程学院昆仑旅游学院是教育部公布的普通高等学校（本科），位于哈尔滨·哈尔滨市。
10219,黑龙江科技大学,哈尔滨,哈尔滨市,公办,本科,0,0,0,黑龙江科技大学是教育部公布的普通高等学校（本科），位于哈尔滨·哈尔滨市。
13298,黑龙江财经学院,哈尔滨,哈尔滨市,民办,本科,0,0,0,黑龙江财经学院是教育部公布的普通高等学校（本科），位于哈尔滨·哈尔滨市。
10081,华北理工大学,唐山,唐山市,公办,本科,0,0,0,华北理工大学是教育部公布的普通高等学校（本科），位于唐山·唐山市。
13596,华北理工大学冀唐学院,唐山,唐山市,民办,本科,0,0,0,华北理工大学冀唐学院是教育部公布的普通高等学校（本科），位于唐山·唐山市。
13408,华北理工大学轻工学院,唐山,唐山市,民办,本科,0,0,0,华北理工大学轻工学院是教育部公布的普通高等学校（本科），位于唐山·唐山市。
11033,唐山学院,唐山,唐山市,公办,本科,0,0,0,唐山学院是教育部公布的普通高等学校（本科），位于唐山·唐山市。
10099,唐山师范学院,唐山,唐山市,公办,本科,0,0,0,唐山师范学院是教育部公布的普通高等学校（本科），位于唐山·唐山市。
14003,商丘学院,商丘,商丘市,民办,本科,0,0,0,商丘学院是教育部公布的普通高等学校（本科），位于商丘·商丘市。
13500,商丘工学院,商丘,商丘市,民办,本科,0,0,0,商丘工学院是教育部公布的普通高等学校（本科），位于商丘·商丘市。
10483,商丘师范学院,商丘,商丘市,公办,本科,0,0,0,商丘师范学院是教育部公布的普通高等学校（本科），位于商丘·商丘市。
11396,商洛学院,商洛,商洛市,公办,本科,0,0,0,商洛学院是教育部公布的普通高等学校（本科），位于商洛·商洛市。
10763,喀什大学,喀什地区,喀什地区,公办,本科,0,0,0,喀什大学是教育部公布的普通高等学校（本科），位于喀什地区·喀什地区。
14206,同济大学浙江学院,嘉兴,嘉兴市,民办,本科,0,0,0,同济大学浙江学院是教育部公布的普通高等学校（本科），位于嘉兴·嘉兴市。
10354,嘉兴学院,嘉兴,嘉兴市,公办,本科,0,0,0,嘉兴学院是教育部公布的普通高等学校（本科），位于嘉兴·嘉兴市。
13291,嘉兴学院南湖学院,嘉兴,嘉兴市,民办,本科,0,0,0,嘉兴学院南湖学院是教育部公布的普通高等学校（本科），位于嘉兴·嘉兴市。
13294,浙江财经大学东方学院,嘉兴,嘉兴市,民办,本科,0,0,0,浙江财经大学东方学院是教育部公布的普通高等学校（本科），位于嘉兴·嘉兴市。
10203,吉林师范大学,四平,四平市,公办,本科,0,0,0,吉林师范大学是教育部公布的普通高等学校（本科），位于四平·四平市。
13622,吉林师范大学博达学院,四平,四平市,民办,本科,0,0,0,吉林师范大学博达学院是教育部公布的普通高等学校（本科），位于四平·四平市。
10753,宁夏师范学院,固原,固原市,公办,本科,0,0,0,宁夏师范学院是教育部公布的普通高等学校（本科），位于固原·固原市。
10120,山西大同大学,大同,大同市,公办,本科,0,0,0,山西大同大学是教育部公布的普通高等学校（本科），位于大同·大同市。
10220,东北石油大学,大庆,大庆市,公办,本科,0,0,0,东北石油大学是教育部公布的普通高等学校（本科），位于大庆·大庆市。
10235,大庆师范学院,大庆,大庆市,公办,本科,0,0,0,大庆师范学院是教育部公布的普通高等学校（本科），位于大庆·大庆市。
10223,黑龙江八一农垦大学,大庆,大庆市,公办,本科,0,0,0,黑龙江八一农垦大学是教育部公布的普通高等学校（本科），位于大庆·大庆市。
10679,大理大学,"大理白族
自治州","大理白族
自治州",公办,本科,0,0,0,"大理大学是教育部公布的普通高等学校（本科），位于大理白族
自治州·大理白族
自治州。"
14623,滇西应用技术大学,"大理白族
自治州","大理白族
自治州",公办,本科,0,0,0,"滇西应用技术大学是教育部公布的普通高等学校（本科），位于大理白族
自治州·大理白族
自治州。"
10173,东北财经大学,大连,大连市,公办,本科,0,0,0,东北财经大学是教育部公布的普通高等学校（本科），位于大连·大连市。
13631,大连东软信息学院,大连,大连市,民办,本科,0,0,0,大连东软信息学院是教育部公布的普通高等学校（本科），位于大连·大连市。
10150,大连交通大学,大连,大连市,公办,本科,0,0,0,大连交通大学是教育部公布的普通高等学校（本科），位于大连·大连市。
10161,大连医科大学,大连,大连市,公办,本科,0,0,0,大连医科大学是教育部公布的普通高等学校（本科），位于大连·大连市。
13212,大连医科大学中山学院,大连,大连市,民办,本科,0,0,0,大连医科大学中山学院是教育部公布的普通高等学校（本科），位于大连·大连市。
10172,大连外国语大学,大连,大连市,公办,本科,0,0,0,大连外国语大学是教育部公布的普通高等学校（本科），位于大连·大连市。
11258,大连大学,大连,大连市,公办,本科,0,0,0,大连大学是教育部公布的普通高等学校（本科），位于大连·大连市。
10152,大连工业大学,大连,大连市,公办,本科,0,0,0,大连工业大学是教育部公布的普通高等学校（本科），位于大连·大连市。
13203,大连工业大学艺术与信息工程学院,大连,大连市,民办,本科,0,0,0,大连工业大学艺术与信息工程学院是教育部公布的普通高等学校（本科），位于大连·大连市。
12026,大连民族大学,大连,大连市,公办,本科,0,0,0,大连民族大学是教育部公布的普通高等学校（本科），位于大连·大连市。
10151,大连海事大学,大连,大连市,公办,本科,0,1,1,大连海事大学是教育部公布的普通高等学校（本科），位于大连·大连市。
10158,大连海洋大学,大连,大连市,公办,本科,0,0,0,大连海洋大学是教育部公布的普通高等学校（本科），位于大连·大连市。
10141,大连理工大学,大连,大连市,公办,本科,1,1,1,大连理工大学是教育部公布的普通高等学校（本科），位于大连·大连市。
13198,大连理工大学城市学院,大连,大连市,民办,本科,0,0,0,大连理工大学城市学院是教育部公布的普通高等学校（本科），位于大连·大连市。
13207,大连科技学院,大连,大连市,民办,本科,0,0,0,大连科技学院是教育部公布的普通高等学校（本科），位于大连·大连市。
13599,大连艺术学院,大连,大连市,民办,本科,0,0,0,大连艺术学院是教育部公布的普通高等学校（本科），位于大连·大连市。
13218,大连财经学院,大连,大连市,民办,本科,0,0,0,大连财经学院是教育部公布的普通高等学校（本科），位于大连·大连市。
10841,辽宁对外经贸学院,大连,大连市,民办,本科,0,0,0,辽宁对外经贸学院是教育部公布的普通高等学校（本科），位于大连·大连市。
10165,辽宁师范大学,大连,大连市,公办,本科,0,0,0,辽宁师范大学是教育部公布的普通高等学校（本科），位于大连·大连市。
11432,辽宁警察学院,大连,大连市,公办,本科,0,0,0,辽宁警察学院是教育部公布的普通高等学校（本科），位于大连·大连市。
10739,天水师范学院,天水,天水市,公办,本科,0,0,0,天水师范学院是教育部公布的普通高等学校（本科），位于天水·天水市。
10059,中国民航大学,天津,天津市,公办,本科,0,0,0,中国民航大学是教育部公布的普通高等学校（本科），位于天津·天津市。
13898,北京科技大学天津学院,天津,天津市,民办,本科,0,0,0,北京科技大学天津学院是教育部公布的普通高等学校（本科），位于天津·天津市。
10055,南开大学,天津,天津市,公办,本科,1,1,1,南开大学是教育部公布的普通高等学校（本科），位于天津·天津市。
13663,南开大学滨海学院,天津,天津市,民办,本科,0,0,0,南开大学滨海学院是教育部公布的普通高等学校（本科），位于天津·天津市。
10063,天津中医药大学,天津,天津市,公办,本科,0,0,0,天津中医药大学是教育部公布的普通高等学校（本科），位于天津·天津市。
12105,天津中德应用技术大学,天津,天津市,公办,本科,0,0,0,天津中德应用技术大学是教育部公布的普通高等学校（本科），位于天津·天津市。
10071,天津体育学院,天津,天津市,公办,本科,0,0,0,天津体育学院是教育部公布的普通高等学校（本科），位于天津·天津市。
13659,天津体育学院运动与文化艺术学院,天津,天津市,民办,本科,0,0,0,天津体育学院运动与文化艺术学院是教育部公布的普通高等学校（本科），位于天津·天津市。
10061,天津农学院,天津,天津市,公办,本科,0,0,0,天津农学院是教育部公布的普通高等学校（本科），位于天津·天津市。
10062,天津医科大学,天津,天津市,公办,本科,0,1,1,天津医科大学是教育部公布的普通高等学校（本科），位于天津·天津市。
13661,天津医科大学临床医学院,天津,天津市,民办,本科,0,0,0,天津医科大学临床医学院是教育部公布的普通高等学校（本科），位于天津·天津市。
10069,天津商业大学,天津,天津市,公办,本科,0,0,0,天津商业大学是教育部公布的普通高等学校（本科），位于天津·天津市。
13660,天津商业大学宝德学院,天津,天津市,民办,本科,0,0,0,天津商业大学宝德学院是教育部公布的普通高等学校（本科），位于天津·天津市。
10792,天津城建大学,天津,天津市,公办,本科,0,0,0,天津城建大学是教育部公布的普通高等学校（本科），位于天津·天津市。
10068,天津外国语大学,天津,天津市,公办,本科,0,0,0,天津外国语大学是教育部公布的普通高等学校（本科），位于天津·天津市。
13658,天津外国语大学滨海外事学院,天津,天津市,民办,本科,0,0,0,天津外国语大学滨海外事学院是教育部公布的普通高等学校（本科），位于天津·天津市。
10056,天津大学,天津,天津市,公办,本科,1,1,1,天津大学是教育部公布的普通高等学校（本科），位于天津·天津市。
14038,天津大学仁爱学院,天津,天津市,民办,本科,0,0,0,天津大学仁爱学院是教育部公布的普通高等学校（本科），位于天津·天津市。
10859,天津天狮学院,天津,天津市,民办,本科,0,0,0,天津天狮学院是教育部公布的普通高等学校（本科），位于天津·天津市。
10058,天津工业大学,天津,天津市,公办,本科,0,0,0,天津工业大学是教育部公布的普通高等学校（本科），位于天津·天津市。
10065,天津师范大学,天津,天津市,公办,本科,0,0,0,天津师范大学是教育部公布的普通高等学校（本科），位于天津·天津市。
13896,天津师范大学津沽学院,天津,天津市,民办,本科,0,0,0,天津师范大学津沽学院是教育部公布的普通高等学校（本科），位于天津·天津市。
10060,天津理工大学,天津,天津市,公办,本科,0,0,0,天津理工大学是教育部公布的普通高等学校（本科），位于天津·天津市。
13897,天津理工大学中环信息学院,天津,天津市,民办,本科,0,0,0,天津理工大学中环信息学院是教育部公布的普通高等学校（本科），位于天津·天津市。
10057,天津科技大学,天津,天津市,公办,本科,0,0,0,天津科技大学是教育部公布的普通高等学校（本科），位于天津·天津市。
10073,天津美术学院,天津,天津市,公办,本科,0,0,0,天津美术学院是教育部公布的普通高等学校（本科），位于天津·天津市。
10066,天津职业技术师范大学,天津,天津市,公办,本科,0,0,0,天津职业技术师范大学是教育部公布的普通高等学校（本科），位于天津·天津市。
10070,天津财经大学,天津,天津市,公办,本科,0,0,0,天津财经大学是教育部公布的普通高等学校（本科），位于天津·天津市。
14087,天津财经大学珠江学院,天津,天津市,民办,本科,0,0,0,天津财经大学珠江学院是教育部公布的普通高等学校（本科），位于天津·天津市。
10072,天津音乐学院,天津,天津市,公办,本科,0,0,0,天津音乐学院是教育部公布的普通高等学校（本科），位于天津·天津市。
10080,河北工业大学,天津,天津市,公办,本科,0,1,1,河北工业大学是教育部公布的普通高等学校（本科），位于天津·天津市。
10110,中北大学,太原,太原市,公办,本科,0,0,0,中北大学是教育部公布的普通高等学校（本科），位于太原·太原市。
13538,中北大学信息商务学院,太原,太原市,民办,本科,0,0,0,中北大学信息商务学院是教育部公布的普通高等学校（本科），位于太原·太原市。
11242,太原学院,太原,太原市,公办,本科,0,0,0,太原学院是教育部公布的普通高等学校（本科），位于太原·太原市。
14101,太原工业学院,太原,太原市,公办,本科,0,0,0,太原工业学院是教育部公布的普通高等学校（本科），位于太原·太原市。
10119,太原师范学院,太原,太原市,公办,本科,0,0,0,太原师范学院是教育部公布的普通高等学校（本科），位于太原·太原市。
10112,太原理工大学,太原,太原市,公办,本科,0,1,1,太原理工大学是教育部公布的普通高等学校（本科），位于太原·太原市。
13534,太原理工大学现代科技学院,太原,太原市,民办,本科,0,0,0,太原理工大学现代科技学院是教育部公布的普通高等学校（本科），位于太原·太原市。
10109,太原科技大学,太原,太原市,公办,本科,0,0,0,太原科技大学是教育部公布的普通高等学校（本科），位于太原·太原市。
13597,太原科技大学华科学院,太原,太原市,民办,本科,0,0,0,太原科技大学华科学院是教育部公布的普通高等学校（本科），位于太原·太原市。
10809,山西中医药大学,太原,太原市,公办,本科,0,0,0,山西中医药大学是教育部公布的普通高等学校（本科），位于太原·太原市。
14434,山西传媒学院,太原,太原市,公办,本科,0,0,0,山西传媒学院是教育部公布的普通高等学校（本科），位于太原·太原市。
10114,山西医科大学,太原,太原市,公办,本科,0,0,0,山西医科大学是教育部公布的普通高等学校（本科），位于太原·太原市。
13598,山西医科大学晋祠学院,太原,太原市,民办,本科,0,0,0,山西医科大学晋祠学院是教育部公布的普通高等学校（本科），位于太原·太原市。
10108,山西大学,太原,太原市,公办,本科,0,0,0,山西大学是教育部公布的普通高等学校（本科），位于太原·太原市。
13533,山西大学商务学院,太原,太原市,民办,本科,0,0,0,山西大学商务学院是教育部公布的普通高等学校（本科），位于太原·太原市。
13691,山西工商学院,太原,太原市,民办,本科,0,0,0,山西工商学院是教育部公布的普通高等学校（本科），位于太原·太原市。
12779,山西应用科技学院,太原,太原市,民办,本科,0,0,0,山西应用科技学院是教育部公布的普通高等学校（本科），位于太原·太原市。
12111,山西警察学院,太原,太原市,公办,本科,0,0,0,山西警察学院是教育部公布的普通高等学校（本科），位于太原·太原市。
10125,山西财经大学,太原,太原市,公办,本科,0,0,0,山西财经大学是教育部公布的普通高等学校（本科），位于太原·太原市。
13608,山西财经大学华商学院,太原,太原市,民办,本科,0,0,0,山西财经大学华商学院是教育部公布的普通高等学校（本科），位于太原·太原市。
10553,湖南人文科技学院,娄底,娄底市,公办,本科,0,0,0,湖南人文科技学院是教育部公布的普通高等学校（本科），位于娄底·娄底市。
10528,湖北工程学院,孝感,孝感市,公办,本科,0,0,0,湖北工程学院是教育部公布的普通高等学校（本科），位于孝感·孝感市。
13258,湖北工程学院新技术学院,孝感,孝感市,民办,本科,0,0,0,湖北工程学院新技术学院是教育部公布的普通高等学校（本科），位于孝感·孝感市。
10398,宁德师范学院,宁德,宁德市,公办,本科,0,0,0,宁德师范学院是教育部公布的普通高等学校（本科），位于宁德·宁德市。
10829,公安海警学院,宁波,宁波市,公办,本科,0,0,0,公安海警学院是教育部公布的普通高等学校（本科），位于宁波·宁波市。
11646,宁波大学,宁波,宁波市,公办,本科,0,0,0,宁波大学是教育部公布的普通高等学校（本科），位于宁波·宁波市。
13277,宁波大学科学技术学院,宁波,宁波市,民办,本科,0,0,0,宁波大学科学技术学院是教育部公布的普通高等学校（本科），位于宁波·宁波市。
13001,宁波大红鹰学院,宁波,宁波市,民办,本科,0,0,0,宁波大红鹰学院是教育部公布的普通高等学校（本科），位于宁波·宁波市。
11058,宁波工程学院,宁波,宁波市,公办,本科,0,0,0,宁波工程学院是教育部公布的普通高等学校（本科），位于宁波·宁波市。
16301,宁波诺丁汉大学,宁波,宁波市,公办,本科,0,0,0,宁波诺丁汉大学是教育部公布的普通高等学校（本科），位于宁波·宁波市。
10876,浙江万里学院,宁波,宁波市,公办,本科,0,0,0,浙江万里学院是教育部公布的普通高等学校（本科），位于宁波·宁波市。
13022,浙江大学宁波理工学院,宁波,宁波市,民办,本科,0,0,0,浙江大学宁波理工学院是教育部公布的普通高等学校（本科），位于宁波·宁波市。
10372,安庆师范大学,安庆,安庆市,公办,本科,0,0,0,安庆师范大学是教育部公布的普通高等学校（本科），位于安庆·安庆市。
11397,安康学院,安康,安康市,公办,本科,0,0,0,安康学院是教育部公布的普通高等学校（本科），位于安康·安康市。
13504,安阳学院,安阳,安阳市,民办,本科,0,0,0,安阳学院是教育部公布的普通高等学校（本科），位于安阳·安阳市。
11330,安阳工学院,安阳,安阳市,公办,本科,0,0,0,安阳工学院是教育部公布的普通高等学校（本科），位于安阳·安阳市。
10479,安阳师范学院,安阳,安阳市,公办,本科,0,0,0,安阳师范学院是教育部公布的普通高等学校（本科），位于安阳·安阳市。
10667,安顺学院,安顺,安顺市,公办,本科,0,0,0,安顺学院是教育部公布的普通高等学校（本科），位于安顺·安顺市。
10641,宜宾学院,宜宾,宜宾市,公办,本科,0,0,0,宜宾学院是教育部公布的普通高等学校（本科），位于宜宾·宜宾市。
11075,三峡大学,宜昌,宜昌市,公办,本科,0,0,0,三峡大学是教育部公布的普通高等学校（本科），位于宜昌·宜昌市。
13236,三峡大学科技学院,宜昌,宜昌市,民办,本科,0,0,0,三峡大学科技学院是教育部公布的普通高等学校（本科），位于宜昌·宜昌市。
10417,宜春学院,宜春,宜春市,公办,本科,0,0,0,宜春学院是教育部公布的普通高等学校（本科），位于宜春·宜春市。
10721,宝鸡文理学院,宝鸡,宝鸡市,公办,本科,0,0,0,宝鸡文理学院是教育部公布的普通高等学校（本科），位于宝鸡·宝鸡市。
10379,宿州学院,宿州,宿州市,公办,本科,0,0,0,宿州学院是教育部公布的普通高等学校（本科），位于宿州·宿州市。
14160,宿迁学院,宿迁,宿迁市,民办,本科,0,0,0,宿迁学院是教育部公布的普通高等学校（本科），位于宿迁·宿迁市。
10543,湖南理工学院,岳阳,岳阳市,公办,本科,0,0,0,湖南理工学院是教育部公布的普通高等学校（本科），位于岳阳·岳阳市。
12658,湖南理工学院南湖学院,岳阳,岳阳市,民办,本科,0,0,0,湖南理工学院南湖学院是教育部公布的普通高等学校（本科），位于岳阳·岳阳市。
10604,广西民族师范学院,崇左,崇左市,公办,本科,0,0,0,广西民族师范学院是教育部公布的普通高等学校（本科），位于崇左·崇左市。
11631,河套学院,巴彦淖尔,巴彦淖尔市,公办,本科,0,0,0,河套学院是教育部公布的普通高等学校（本科），位于巴彦淖尔·巴彦淖尔市。
10292,常州大学,常州,常州市,公办,本科,0,0,0,常州大学是教育部公布的普通高等学校（本科），位于常州·常州市。
11055,常州工学院,常州,常州市,公办,本科,0,0,0,常州工学院是教育部公布的普通高等学校（本科），位于常州·常州市。
11463,江苏理工学院,常州,常州市,公办,本科,0,0,0,江苏理工学院是教育部公布的普通高等学校（本科），位于常州·常州市。
13809,湖南应用技术学院,常德,常德市,民办,本科,0,0,0,湖南应用技术学院是教育部公布的普通高等学校（本科），位于常德·常德市。
10549,湖南文理学院,常德,常德市,公办,本科,0,0,0,湖南文理学院是教育部公布的普通高等学校（本科），位于常德·常德市。
12657,湖南文理学院芙蓉学院,常德,常德市,民办,本科,0,0,0,湖南文理学院芙蓉学院是教育部公布的普通高等学校（本科），位于常德·常德市。
11805,甘肃医学院,平凉,平凉市,公办,本科,0,0,0,甘肃医学院是教育部公布的普通高等学校（本科），位于平凉·平凉市。
10919,平顶山学院,平顶山,平顶山市,公办,本科,0,0,0,平顶山学院是教育部公布的普通高等学校（本科），位于平顶山·平顶山市。
11765,河南城建学院,平顶山,平顶山市,公办,本科,0,0,0,河南城建学院是教育部公布的普通高等学校（本科），位于平顶山·平顶山市。
10558,中山大学,广州,广州市,公办,本科,1,1,1,中山大学是教育部公布的普通高等学校（本科），位于广州·广州市。
12619,中山大学南方学院,广州,广州市,民办,本科,0,0,0,中山大学南方学院是教育部公布的普通高等学校（本科），位于广州·广州市。
13902,中山大学新华学院,广州,广州市,民办,本科,0,0,0,中山大学新华学院是教育部公布的普通高等学校（本科），位于广州·广州市。
11347,仲恺农业工程学院,广州,广州市,公办,本科,0,0,0,仲恺农业工程学院是教育部公布的普通高等学校（本科），位于广州·广州市。
10564,华南农业大学,广州,广州市,公办,本科,0,0,0,华南农业大学是教育部公布的普通高等学校（本科），位于广州·广州市。
12623,华南农业大学珠江学院,广州,广州市,民办,本科,0,0,0,华南农业大学珠江学院是教育部公布的普通高等学校（本科），位于广州·广州市。
10574,华南师范大学,广州,广州市,公办,本科,0,1,1,华南师范大学是教育部公布的普通高等学校（本科），位于广州·广州市。
10561,华南理工大学,广州,广州市,公办,本科,1,1,1,华南理工大学是教育部公布的普通高等学校（本科），位于广州·广州市。
12617,华南理工大学广州学院,广州,广州市,民办,本科,0,0,0,华南理工大学广州学院是教育部公布的普通高等学校（本科），位于广州·广州市。
12121,南方医科大学,广州,广州市,公办,本科,0,1,1,南方医科大学是教育部公布的普通高等学校（本科），位于广州·广州市。
12059,广东培正学院,广州,广州市,民办,本科,0,0,0,广东培正学院是教育部公布的普通高等学校（本科），位于广州·广州市。
11846,广东外语外贸大学,广州,广州市,公办,本科,0,0,0,广东外语外贸大学是教育部公布的普通高等学校（本科），位于广州·广州市。
12620,广东外语外贸大学南国商学院,广州,广州市,民办,本科,0,0,0,广东外语外贸大学南国商学院是教育部公布的普通高等学校（本科），位于广州·广州市。
11845,广东工业大学,广州,广州市,公办,本科,0,0,0,广东工业大学是教育部公布的普通高等学校（本科），位于广州·广州市。
13656,广东工业大学华立学院,广州,广州市,民办,本科,0,0,0,广东工业大学华立学院是教育部公布的普通高等学校（本科），位于广州·广州市。
10588,广东技术师范学院,广州,广州市,公办,本科,0,0,0,广东技术师范学院是教育部公布的普通高等学校（本科），位于广州·广州市。
12668,广东技术师范学院天河学院,广州,广州市,民办,本科,0,0,0,广东技术师范学院天河学院是教育部公布的普通高等学校（本科），位于广州·广州市。
10822,广东白云学院,广州,广州市,民办,本科,0,0,0,广东白云学院是教育部公布的普通高等学校（本科），位于广州·广州市。
14278,广东第二师范学院,广州,广州市,公办,本科,0,0,0,广东第二师范学院是教育部公布的普通高等学校（本科），位于广州·广州市。
10573,广东药科大学,广州,广州市,公办,本科,0,0,0,广东药科大学是教育部公布的普通高等学校（本科），位于广州·广州市。
11110,广东警官学院,广州,广州市,公办,本科,0,0,0,广东警官学院是教育部公布的普通高等学校（本科），位于广州·广州市。
10592,广东财经大学,广州,广州市,公办,本科,0,0,0,广东财经大学是教育部公布的普通高等学校（本科），位于广州·广州市。
12621,广东财经大学华商学院,广州,广州市,民办,本科,0,0,0,广东财经大学华商学院是教育部公布的普通高等学校（本科），位于广州·广州市。
11540,广东金融学院,广州,广州市,公办,本科,0,0,0,广东金融学院是教育部公布的普通高等学校（本科），位于广州·广州市。
10572,广州中医药大学,广州,广州市,公办,本科,0,0,0,广州中医药大学是教育部公布的普通高等学校（本科），位于广州·广州市。
10585,广州体育学院,广州,广州市,公办,本科,0,0,0,广州体育学院是教育部公布的普通高等学校（本科），位于广州·广州市。
10570,广州医科大学,广州,广州市,公办,本科,0,1,1,广州医科大学是教育部公布的普通高等学校（本科），位于广州·广州市。
13667,广州商学院,广州,广州市,民办,本科,0,0,0,广州商学院是教育部公布的普通高等学校（本科），位于广州·广州市。
11078,广州大学,广州,广州市,公办,本科,0,0,0,广州大学是教育部公布的普通高等学校（本科），位于广州·广州市。
12618,广州大学华软软件学院,广州,广州市,民办,本科,0,0,0,广州大学华软软件学院是教育部公布的普通高等学校（本科），位于广州·广州市。
13657,广州大学松田学院,广州,广州市,民办,本科,0,0,0,广州大学松田学院是教育部公布的普通高等学校（本科），位于广州·广州市。
13714,广州工商学院,广州,广州市,民办,本科,0,0,0,广州工商学院是教育部公布的普通高等学校（本科），位于广州·广州市。
10586,广州美术学院,广州,广州市,公办,本科,0,0,0,广州美术学院是教育部公布的普通高等学校（本科），位于广州·广州市。
11106,广州航海学院,广州,广州市,公办,本科,0,0,0,广州航海学院是教育部公布的普通高等学校（本科），位于广州·广州市。
10587,星海音乐学院,广州,广州市,公办,本科,0,0,0,星海音乐学院是教育部公布的普通高等学校（本科），位于广州·广州市。
10559,暨南大学,广州,广州市,公办,本科,0,1,1,暨南大学是教育部公布的普通高等学校（本科），位于广州·广州市。
10738,陇东学院,庆阳,庆阳市,公办,本科,0,0,0,陇东学院是教育部公布的普通高等学校（本科），位于庆阳·庆阳市。
11105,中国人民武装警察部队学院,廊坊,廊坊市,公办,本科,0,0,0,中国人民武装警察部队学院是教育部公布的普通高等学校（本科），位于廊坊·廊坊市。
13899,北京中医药大学东方学院,廊坊,廊坊市,民办,本科,0,0,0,北京中医药大学东方学院是教育部公布的普通高等学校（本科），位于廊坊·廊坊市。
11629,北华航天工业学院,廊坊,廊坊市,公办,本科,0,0,0,北华航天工业学院是教育部公布的普通高等学校（本科），位于廊坊·廊坊市。
11104,华北科技学院,廊坊,廊坊市,公办,本科,0,0,0,华北科技学院是教育部公布的普通高等学校（本科），位于廊坊·廊坊市。
10100,廊坊师范学院,廊坊,廊坊市,公办,本科,0,0,0,廊坊师范学院是教育部公布的普通高等学校（本科），位于廊坊·廊坊市。
14225,河北东方学院,廊坊,廊坊市,民办,本科,0,0,0,河北东方学院是教育部公布的普通高等学校（本科），位于廊坊·廊坊市。
13584,河北工业大学城市学院,廊坊,廊坊市,民办,本科,0,0,0,河北工业大学城市学院是教育部公布的普通高等学校（本科），位于廊坊·廊坊市。
13895,燕京理工学院,廊坊,廊坊市,民办,本科,0,0,0,燕京理工学院是教育部公布的普通高等学校（本科），位于廊坊·廊坊市。
11775,防灾科技学院,廊坊,廊坊市,公办,本科,0,0,0,防灾科技学院是教育部公布的普通高等学校（本科），位于廊坊·廊坊市。
10719,延安大学,延安,延安市,公办,本科,0,0,0,延安大学是教育部公布的普通高等学校（本科），位于延安·延安市。
10184,延边大学,"延边朝鲜族
自治州","延边朝鲜族
自治州",公办,本科,0,1,1,"延边大学是教育部公布的普通高等学校（本科），位于延边朝鲜族
自治州·延边朝鲜族
自治州。"
10475,河南大学,开封,开封市,公办,本科,0,0,0,河南大学是教育部公布的普通高等学校（本科），位于开封·开封市。
13501,河南大学民生学院,开封,开封市,民办,本科,0,0,0,河南大学民生学院是教育部公布的普通高等学校（本科），位于开封·开封市。
14458,张家口学院,张家口,张家口市,公办,本科,0,0,0,张家口学院是教育部公布的普通高等学校（本科），位于张家口·张家口市。
10092,河北北方学院,张家口,张家口市,公办,本科,0,0,0,河北北方学院是教育部公布的普通高等学校（本科），位于张家口·张家口市。
10084,河北建筑工程学院,张家口,张家口市,公办,本科,0,0,0,河北建筑工程学院是教育部公布的普通高等学校（本科），位于张家口·张家口市。
13991,江苏科技大学苏州理工学院,张家港,张家港市,民办,本科,0,0,0,江苏科技大学苏州理工学院是教育部公布的普通高等学校（本科），位于张家港·张家港市。
12662,吉首大学张家界学院,张家界,张家界市,民办,本科,0,0,0,吉首大学张家界学院是教育部公布的普通高等学校（本科），位于张家界·张家界市。
10740,河西学院,张掖,张掖市,公办,本科,0,0,0,河西学院是教育部公布的普通高等学校（本科），位于张掖·张掖市。
10290,中国矿业大学,徐州,徐州市,公办,本科,0,1,1,中国矿业大学是教育部公布的普通高等学校（本科），位于徐州·徐州市。
13579,中国矿业大学徐海学院,徐州,徐州市,民办,本科,0,0,0,中国矿业大学徐海学院是教育部公布的普通高等学校（本科），位于徐州·徐州市。
10313,徐州医科大学,徐州,徐州市,公办,本科,0,0,0,徐州医科大学是教育部公布的普通高等学校（本科），位于徐州·徐州市。
11998,徐州工程学院,徐州,徐州市,公办,本科,0,0,0,徐州工程学院是教育部公布的普通高等学校（本科），位于徐州·徐州市。
10320,江苏师范大学,徐州,徐州市,公办,本科,0,0,0,江苏师范大学是教育部公布的普通高等学校（本科），位于徐州·徐州市。
13988,江苏师范大学科文学院,徐州,徐州市,民办,本科,0,0,0,江苏师范大学科文学院是教育部公布的普通高等学校（本科），位于徐州·徐州市。
13857,山东华宇工学院,德州,德州市,民办,本科,0,0,0,山东华宇工学院是教育部公布的普通高等学校（本科），位于德州·德州市。
10448,德州学院,德州,德州市,公办,本科,0,0,0,德州学院是教育部公布的普通高等学校（本科），位于德州·德州市。
10624,中国民用航空飞行学院,德阳,德阳市,公办,本科,0,0,0,中国民用航空飞行学院是教育部公布的普通高等学校（本科），位于德阳·德阳市。
13816,四川工业科技学院,德阳,德阳市,民办,本科,0,0,0,四川工业科技学院是教育部公布的普通高等学校（本科），位于德阳·德阳市。
10124,忻州师范学院,忻州,忻州市,公办,本科,0,0,0,忻州师范学院是教育部公布的普通高等学校（本科），位于忻州·忻州市。
10548,怀化学院,怀化,怀化市,公办,本科,0,0,0,怀化学院是教育部公布的普通高等学校（本科），位于怀化·怀化市。
12214,湖南医药学院,怀化,怀化市,公办,本科,0,0,0,湖南医药学院是教育部公布的普通高等学校（本科），位于怀化·怀化市。
10517,湖北民族学院,恩施土家族苗族自治州,恩施土家族苗族自治州,公办,本科,0,0,0,湖北民族学院是教育部公布的普通高等学校（本科），位于恩施土家族苗族自治州·恩施土家族苗族自治州。
13250,湖北民族学院科技学院,恩施土家族苗族自治州,恩施土家族苗族自治州,民办,本科,0,0,0,湖北民族学院科技学院是教育部公布的普通高等学校（本科），位于恩施土家族苗族自治州·恩施土家族苗族自治州。
10577,惠州学院,惠州,惠州市,公办,本科,0,0,0,惠州学院是教育部公布的普通高等学校（本科），位于惠州·惠州市。
13669,四川传媒学院,成都,成都市,民办,本科,0,0,0,四川传媒学院是教育部公布的普通高等学校（本科），位于成都·成都市。
13673,四川外国语大学成都学院,成都,成都市,民办,本科,0,0,0,四川外国语大学成都学院是教育部公布的普通高等学校（本科），位于成都·成都市。
10610,四川大学,成都,成都市,公办,本科,1,1,1,四川大学是教育部公布的普通高等学校（本科），位于成都·成都市。
13903,四川大学锦城学院,成都,成都市,民办,本科,0,0,0,四川大学锦城学院是教育部公布的普通高等学校（本科），位于成都·成都市。
13672,四川工商学院,成都,成都市,民办,本科,0,0,0,四川工商学院是教育部公布的普通高等学校（本科），位于成都·成都市。
10636,四川师范大学,成都,成都市,公办,本科,0,0,0,四川师范大学是教育部公布的普通高等学校（本科），位于成都·成都市。
11552,四川旅游学院,成都,成都市,公办,本科,0,0,0,四川旅游学院是教育部公布的普通高等学校（本科），位于成都·成都市。
14410,四川电影电视学院,成都,成都市,民办,本科,0,0,0,四川电影电视学院是教育部公布的普通高等学校（本科），位于成都·成都市。
10654,四川音乐学院,成都,成都市,公办,本科,0,0,0,四川音乐学院是教育部公布的普通高等学校（本科），位于成都·成都市。
12636,成都东软学院,成都,成都市,民办,本科,0,0,0,成都东软学院是教育部公布的普通高等学校（本科），位于成都·成都市。
10633,成都中医药大学,成都,成都市,公办,本科,0,0,0,成都中医药大学是教育部公布的普通高等学校（本科），位于成都·成都市。
10653,成都体育学院,成都,成都市,公办,本科,0,0,0,成都体育学院是教育部公布的普通高等学校（本科），位于成都·成都市。
10621,成都信息工程大学,成都,成都市,公办,本科,0,0,0,成都信息工程大学是教育部公布的普通高等学校（本科），位于成都·成都市。
13670,成都信息工程大学银杏酒店管理学院,成都,成都市,民办,本科,0,0,0,成都信息工程大学银杏酒店管理学院是教育部公布的普通高等学校（本科），位于成都·成都市。
13705,成都医学院,成都,成都市,公办,本科,0,0,0,成都医学院是教育部公布的普通高等学校（本科），位于成都·成都市。
11079,成都学院,成都,成都市,公办,本科,0,0,0,成都学院是教育部公布的普通高等学校（本科），位于成都·成都市。
11116,成都工业学院,成都,成都市,公办,本科,0,0,0,成都工业学院是教育部公布的普通高等学校（本科），位于成都·成都市。
14389,成都师范学院,成都,成都市,公办,本科,0,0,0,成都师范学院是教育部公布的普通高等学校（本科），位于成都·成都市。
13671,成都文理学院,成都,成都市,民办,本科,0,0,0,成都文理学院是教育部公布的普通高等学校（本科），位于成都·成都市。
10616,成都理工大学,成都,成都市,公办,本科,0,0,0,成都理工大学是教育部公布的普通高等学校（本科），位于成都·成都市。
10614,电子科技大学,成都,成都市,公办,本科,1,1,1,电子科技大学是教育部公布的普通高等学校（本科），位于成都·成都市。
13665,电子科技大学成都学院,成都,成都市,民办,本科,0,0,0,电子科技大学成都学院是教育部公布的普通高等学校（本科），位于成都·成都市。
10623,西华大学,成都,成都市,公办,本科,0,0,0,西华大学是教育部公布的普通高等学校（本科），位于成都·成都市。
10613,西南交通大学,成都,成都市,公办,本科,0,1,1,西南交通大学是教育部公布的普通高等学校（本科），位于成都·成都市。
10656,西南民族大学,成都,成都市,公办,本科,0,0,0,西南民族大学是教育部公布的普通高等学校（本科），位于成都·成都市。
10615,西南石油大学,成都,成都市,公办,本科,0,0,0,西南石油大学是教育部公布的普通高等学校（本科），位于成都·成都市。
10651,西南财经大学,成都,成都市,公办,本科,0,1,1,西南财经大学是教育部公布的普通高等学校（本科），位于成都·成都市。
13989,南京邮电大学通达学院,扬州,扬州市,民办,本科,0,0,0,南京邮电大学通达学院是教育部公布的普通高等学校（本科），位于扬州·扬州市。
11117,扬州大学,扬州,扬州市,公办,本科,0,0,0,扬州大学是教育部公布的普通高等学校（本科），位于扬州·扬州市。
13987,扬州大学广陵学院,扬州,扬州市,民办,本科,0,0,0,扬州大学广陵学院是教育部公布的普通高等学校（本科），位于扬州·扬州市。
10093,承德医学院,承德,承德市,公办,本科,0,0,0,承德医学院是教育部公布的普通高等学校（本科），位于承德·承德市。
10098,河北民族师范学院,承德,承德市,公办,本科,0,0,0,河北民族师范学院是教育部公布的普通高等学校（本科），位于承德·承德市。
10405,东华理工大学,抚州,抚州市,公办,本科,0,0,0,东华理工大学是教育部公布的普通高等学校（本科），位于抚州·抚州市。
13432,东华理工大学长江学院,抚州,抚州市,民办,本科,0,0,0,东华理工大学长江学院是教育部公布的普通高等学校（本科），位于抚州·抚州市。
10148,辽宁石油化工大学,抚顺,抚顺市,公办,本科,0,0,0,辽宁石油化工大学是教育部公布的普通高等学校（本科），位于抚顺·抚顺市。
13583,辽宁石油化工大学顺华能源学院,抚顺,抚顺市,民办,本科,0,0,0,辽宁石油化工大学顺华能源学院是教育部公布的普通高等学校（本科），位于抚顺·抚顺市。
10694,西藏大学,拉萨,拉萨市,公办,本科,1,1,1,西藏大学是教育部公布的普通高等学校（本科），位于拉萨·拉萨市。
10696,西藏藏医学院,拉萨,拉萨市,公办,本科,0,0,0,西藏藏医学院是教育部公布的普通高等学校（本科），位于拉萨·拉萨市。
11360,攀枝花学院,攀枝花,攀枝花市,公办,本科,0,0,0,攀枝花学院是教育部公布的普通高等学校（本科），位于攀枝花·攀枝花市。
11556,文山学院,文山壮族苗族自治州,文山壮族苗族自治州,公办,本科,0,0,0,文山学院是教育部公布的普通高等学校（本科），位于文山壮族苗族自治州·文山壮族苗族自治州。
10472,新乡医学院,新乡,新乡市,公办,本科,0,0,0,新乡医学院是教育部公布的普通高等学校（本科），位于新乡·新乡市。
13505,新乡医学院三全学院,新乡,新乡市,民办,本科,0,0,0,新乡医学院三全学院是教育部公布的普通高等学校（本科），位于新乡·新乡市。
11071,新乡学院,新乡,新乡市,公办,本科,0,0,0,新乡学院是教育部公布的普通高等学校（本科），位于新乡·新乡市。
11329,河南工学院,新乡,新乡市,公办,本科,0,0,0,河南工学院是教育部公布的普通高等学校（本科），位于新乡·新乡市。
10476,河南师范大学,新乡,新乡市,公办,本科,0,0,0,河南师范大学是教育部公布的普通高等学校（本科），位于新乡·新乡市。
10467,河南科技学院,新乡,新乡市,公办,本科,0,0,0,河南科技学院是教育部公布的普通高等学校（本科），位于新乡·新乡市。
13506,河南科技学院新科学院,新乡,新乡市,民办,本科,0,0,0,河南科技学院新科学院是教育部公布的普通高等学校（本科），位于新乡·新乡市。
11508,新余学院,新余,新余市,公办,本科,0,0,0,新余学院是教育部公布的普通高等学校（本科），位于新余·新余市。
12766,江西工程学院,新余,新余市,民办,本科,0,0,0,江西工程学院是教育部公布的普通高等学校（本科），位于新余·新余市。
13571,无锡太湖学院,无锡,无锡市,民办,本科,0,0,0,无锡太湖学院是教育部公布的普通高等学校（本科），位于无锡·无锡市。
10295,江南大学,无锡,无锡市,公办,本科,0,1,1,江南大学是教育部公布的普通高等学校（本科），位于无锡·无锡市。
16406,昆山杜克大学,昆山,昆山市,公办,本科,0,0,0,昆山杜克大学是教育部公布的普通高等学校（本科），位于昆山·昆山市。
10680,云南中医学院,昆明,昆明市,公办,本科,0,0,0,云南中医学院是教育部公布的普通高等学校（本科），位于昆明·昆明市。
10676,云南农业大学,昆明,昆明市,公办,本科,0,0,0,云南农业大学是教育部公布的普通高等学校（本科），位于昆明·昆明市。
10673,云南大学,昆明,昆明市,公办,本科,1,1,1,云南大学是教育部公布的普通高等学校（本科），位于昆明·昆明市。
13326,云南大学滇池学院,昆明,昆明市,民办,本科,0,0,0,云南大学滇池学院是教育部公布的普通高等学校（本科），位于昆明·昆明市。
13909,云南工商学院,昆明,昆明市,民办,本科,0,0,0,云南工商学院是教育部公布的普通高等学校（本科），位于昆明·昆明市。
10681,云南师范大学,昆明,昆明市,公办,本科,0,0,0,云南师范大学是教育部公布的普通高等学校（本科），位于昆明·昆明市。
13330,云南师范大学商学院,昆明,昆明市,民办,本科,0,0,0,云南师范大学商学院是教育部公布的普通高等学校（本科），位于昆明·昆明市。
13331,云南师范大学文理学院,昆明,昆明市,民办,本科,0,0,0,云南师范大学文理学院是教育部公布的普通高等学校（本科），位于昆明·昆明市。
10691,云南民族大学,昆明,昆明市,公办,本科,0,0,0,云南民族大学是教育部公布的普通高等学校（本科），位于昆明·昆明市。
12560,云南经济管理学院,昆明,昆明市,民办,本科,0,0,0,云南经济管理学院是教育部公布的普通高等学校（本科），位于昆明·昆明市。
10690,云南艺术学院,昆明,昆明市,公办,本科,0,0,0,云南艺术学院是教育部公布的普通高等学校（本科），位于昆明·昆明市。
13333,云南艺术学院文华学院,昆明,昆明市,民办,本科,0,0,0,云南艺术学院文华学院是教育部公布的普通高等学校（本科），位于昆明·昆明市。
11392,云南警官学院,昆明,昆明市,公办,本科,0,0,0,云南警官学院是教育部公布的普通高等学校（本科），位于昆明·昆明市。
10689,云南财经大学,昆明,昆明市,公办,本科,0,0,0,云南财经大学是教育部公布的普通高等学校（本科），位于昆明·昆明市。
10678,昆明医科大学,昆明,昆明市,公办,本科,0,0,0,昆明医科大学是教育部公布的普通高等学校（本科），位于昆明·昆明市。
13332,昆明医科大学海源学院,昆明,昆明市,民办,本科,0,0,0,昆明医科大学海源学院是教育部公布的普通高等学校（本科），位于昆明·昆明市。
11393,昆明学院,昆明,昆明市,公办,本科,0,0,0,昆明学院是教育部公布的普通高等学校（本科），位于昆明·昆明市。
10674,昆明理工大学,昆明,昆明市,公办,本科,0,0,0,昆明理工大学是教育部公布的普通高等学校（本科），位于昆明·昆明市。
13329,昆明理工大学津桥学院,昆明,昆明市,民办,本科,0,0,0,昆明理工大学津桥学院是教育部公布的普通高等学校（本科），位于昆明·昆明市。
10677,西南林业大学,昆明,昆明市,公办,本科,0,0,0,西南林业大学是教育部公布的普通高等学校（本科），位于昆明·昆明市。
10997,昌吉学院,"昌吉回族
自治州","昌吉回族
自治州",公办,本科,0,0,0,"昌吉学院是教育部公布的普通高等学校（本科），位于昌吉回族
自治州·昌吉回族
自治州。"
10683,昭通学院,昭通,昭通市,公办,本科,0,0,0,昭通学院是教育部公布的普通高等学校（本科），位于昭通·昭通市。
10113,山西农业大学,晋中,晋中市,公办,本科,0,0,0,山西农业大学是教育部公布的普通高等学校（本科），位于晋中·晋中市。
13535,山西农业大学信息学院,晋中,晋中市,民办,本科,0,0,0,山西农业大学信息学院是教育部公布的普通高等学校（本科），位于晋中·晋中市。
51189,山西能源学院,晋中,晋中市,公办,本科,0,0,0,山西能源学院是教育部公布的普通高等学校（本科），位于晋中·晋中市。
10121,晋中学院,晋中,晋中市,公办,本科,0,0,0,晋中学院是教育部公布的普通高等学校（本科），位于晋中·晋中市。
10685,普洱学院,普洱,普洱市,公办,本科,0,0,0,普洱学院是教育部公布的普通高等学校（本科），位于普洱·普洱市。
10894,景德镇学院,景德镇,景德镇市,公办,本科,0,0,0,景德镇学院是教育部公布的普通高等学校（本科），位于景德镇·景德镇市。
10408,景德镇陶瓷大学,景德镇,景德镇市,公办,本科,0,0,0,景德镇陶瓷大学是教育部公布的普通高等学校（本科），位于景德镇·景德镇市。
13435,景德镇陶瓷大学科技艺术学院,景德镇,景德镇市,民办,本科,0,0,0,景德镇陶瓷大学科技艺术学院是教育部公布的普通高等学校（本科），位于景德镇·景德镇市。
10684,曲靖师范学院,曲靖,曲靖市,公办,本科,0,0,0,曲靖师范学院是教育部公布的普通高等学校（本科），位于曲靖·曲靖市。
11430,辽宁科技学院,本溪,本溪市,公办,本科,0,0,0,辽宁科技学院是教育部公布的普通高等学校（本科），位于本溪·本溪市。
11546,广西科技师范学院,来宾,来宾市,公办,本科,0,0,0,广西科技师范学院是教育部公布的普通高等学校（本科），位于来宾·来宾市。
10355,中国美术学院,杭州,杭州市,公办,本科,0,0,0,中国美术学院是教育部公布的普通高等学校（本科），位于杭州·杭州市。
10356,中国计量大学,杭州,杭州市,公办,本科,0,0,0,中国计量大学是教育部公布的普通高等学校（本科），位于杭州·杭州市。
13292,中国计量大学现代科技学院,杭州,杭州市,民办,本科,0,0,0,中国计量大学现代科技学院是教育部公布的普通高等学校（本科），位于杭州·杭州市。
13023,杭州医学院,杭州,杭州市,公办,本科,0,0,0,杭州医学院是教育部公布的普通高等学校（本科），位于杭州·杭州市。
10346,杭州师范大学,杭州,杭州市,公办,本科,0,0,0,杭州师范大学是教育部公布的普通高等学校（本科），位于杭州·杭州市。
13286,杭州师范大学钱江学院,杭州,杭州市,民办,本科,0,0,0,杭州师范大学钱江学院是教育部公布的普通高等学校（本科），位于杭州·杭州市。
10336,杭州电子科技大学,杭州,杭州市,公办,本科,0,0,0,杭州电子科技大学是教育部公布的普通高等学校（本科），位于杭州·杭州市。
13279,杭州电子科技大学信息工程学院,杭州,杭州市,民办,本科,0,0,0,杭州电子科技大学信息工程学院是教育部公布的普通高等学校（本科），位于杭州·杭州市。
10344,浙江中医药大学,杭州,杭州市,公办,本科,0,0,0,浙江中医药大学是教育部公布的普通高等学校（本科），位于杭州·杭州市。
13285,浙江中医药大学滨江学院,杭州,杭州市,民办,本科,0,0,0,浙江中医药大学滨江学院是教育部公布的普通高等学校（本科），位于杭州·杭州市。
11647,浙江传媒学院,杭州,杭州市,公办,本科,0,0,0,浙江传媒学院是教育部公布的普通高等学校（本科），位于杭州·杭州市。
10341,浙江农林大学,杭州,杭州市,公办,本科,0,0,0,浙江农林大学是教育部公布的普通高等学校（本科），位于杭州·杭州市。
14275,浙江外国语学院,杭州,杭州市,公办,本科,0,0,0,浙江外国语学院是教育部公布的普通高等学校（本科），位于杭州·杭州市。
10335,浙江大学,杭州,杭州市,公办,本科,1,1,1,浙江大学是教育部公布的普通高等学校（本科），位于杭州·杭州市。
13021,浙江大学城市学院,杭州,杭州市,民办,本科,0,0,0,浙江大学城市学院是教育部公布的普通高等学校（本科），位于杭州·杭州市。
10337,浙江工业大学,杭州,杭州市,公办,本科,0,0,0,浙江工业大学是教育部公布的普通高等学校（本科），位于杭州·杭州市。
13275,浙江工业大学之江学院,杭州,杭州市,民办,本科,0,0,0,浙江工业大学之江学院是教育部公布的普通高等学校（本科），位于杭州·杭州市。
10353,浙江工商大学,杭州,杭州市,公办,本科,0,0,0,浙江工商大学是教育部公布的普通高等学校（本科），位于杭州·杭州市。
13290,浙江工商大学杭州商学院,杭州,杭州市,民办,本科,0,0,0,浙江工商大学杭州商学院是教育部公布的普通高等学校（本科），位于杭州·杭州市。
11842,浙江树人学院,杭州,杭州市,民办,本科,0,0,0,浙江树人学院是教育部公布的普通高等学校（本科），位于杭州·杭州市。
11481,浙江水利水电学院,杭州,杭州市,公办,本科,0,0,0,浙江水利水电学院是教育部公布的普通高等学校（本科），位于杭州·杭州市。
10338,浙江理工大学,杭州,杭州市,公办,本科,0,0,0,浙江理工大学是教育部公布的普通高等学校（本科），位于杭州·杭州市。
13280,浙江理工大学科技与艺术学院,杭州,杭州市,民办,本科,0,0,0,浙江理工大学科技与艺术学院是教育部公布的普通高等学校（本科），位于杭州·杭州市。
11057,浙江科技学院,杭州,杭州市,公办,本科,0,0,0,浙江科技学院是教育部公布的普通高等学校（本科），位于杭州·杭州市。
11483,浙江警察学院,杭州,杭州市,公办,本科,0,0,0,浙江警察学院是教育部公布的普通高等学校（本科），位于杭州·杭州市。
11482,浙江财经大学,杭州,杭州市,公办,本科,0,0,0,浙江财经大学是教育部公布的普通高等学校（本科），位于杭州·杭州市。
14535,浙江音乐学院,杭州,杭州市,公办,本科,0,0,0,浙江音乐学院是教育部公布的普通高等学校（本科），位于杭州·杭州市。
10693,西藏农牧学院,林芝,林芝市,公办,本科,0,0,0,西藏农牧学院是教育部公布的普通高等学校（本科），位于林芝·林芝市。
10904,枣庄学院,枣庄,枣庄市,公办,本科,0,0,0,枣庄学院是教育部公布的普通高等学校（本科），位于枣庄·枣庄市。
10594,广西科技大学,柳州,柳州市,公办,本科,0,0,0,广西科技大学是教育部公布的普通高等学校（本科），位于柳州·柳州市。
13639,广西科技大学鹿山学院,柳州,柳州市,民办,本科,0,0,0,广西科技大学鹿山学院是教育部公布的普通高等学校（本科），位于柳州·柳州市。
11535,湖南工业大学,株洲,株洲市,公办,本科,0,0,0,湖南工业大学是教育部公布的普通高等学校（本科），位于株洲·株洲市。
12604,湖南工业大学科技学院,株洲,株洲市,民办,本科,0,0,0,湖南工业大学科技学院是教育部公布的普通高等学校（本科），位于株洲·株洲市。
10602,广西师范大学,桂林,桂林市,公办,本科,0,0,0,广西师范大学是教育部公布的普通高等学校（本科），位于桂林·桂林市。
13641,广西师范大学漓江学院,桂林,桂林市,民办,本科,0,0,0,广西师范大学漓江学院是教育部公布的普通高等学校（本科），位于桂林·桂林市。
10601,桂林医学院,桂林,桂林市,公办,本科,0,0,0,桂林医学院是教育部公布的普通高等学校（本科），位于桂林·桂林市。
11837,桂林旅游学院,桂林,桂林市,公办,本科,0,0,0,桂林旅游学院是教育部公布的普通高等学校（本科），位于桂林·桂林市。
10596,桂林理工大学,桂林,桂林市,公办,本科,0,0,0,桂林理工大学是教育部公布的普通高等学校（本科），位于桂林·桂林市。
13645,桂林理工大学博文管理学院,桂林,桂林市,民办,本科,0,0,0,桂林理工大学博文管理学院是教育部公布的普通高等学校（本科），位于桂林·桂林市。
10595,桂林电子科技大学,桂林,桂林市,公办,本科,0,0,0,桂林电子科技大学是教育部公布的普通高等学校（本科），位于桂林·桂林市。
13644,桂林电子科技大学信息科技学院,桂林,桂林市,民办,本科,0,0,0,桂林电子科技大学信息科技学院是教育部公布的普通高等学校（本科），位于桂林·桂林市。
11825,桂林航天工业学院,桂林,桂林市,公办,本科,0,0,0,桂林航天工业学院是教育部公布的普通高等学校（本科），位于桂林·桂林市。
10582,嘉应学院,梅州,梅州市,公办,本科,0,0,0,嘉应学院是教育部公布的普通高等学校（本科），位于梅州·梅州市。
11354,梧州学院,梧州,梧州市,公办,本科,0,0,0,梧州学院是教育部公布的普通高等学校（本科），位于梧州·梧州市。
11391,楚雄师范学院,"楚雄彝族
自治州","楚雄彝族
自治州",公办,本科,0,0,0,"楚雄师范学院是教育部公布的普通高等学校（本科），位于楚雄彝族
自治州·楚雄彝族
自治州。"
11395,榆林学院,榆林,榆林市,公办,本科,0,0,0,榆林学院是教育部公布的普通高等学校（本科），位于榆林·榆林市。
10524,中南民族大学,武汉,武汉市,公办,本科,0,0,0,中南民族大学是教育部公布的普通高等学校（本科），位于武汉·武汉市。
10520,中南财经政法大学,武汉,武汉市,公办,本科,0,1,1,中南财经政法大学是教育部公布的普通高等学校（本科），位于武汉·武汉市。
10491,中国地质大学（武汉）,武汉,武汉市,公办,本科,0,0,0,中国地质大学（武汉）是教育部公布的普通高等学校（本科），位于武汉·武汉市。
10504,华中农业大学,武汉,武汉市,公办,本科,0,1,1,华中农业大学是教育部公布的普通高等学校（本科），位于武汉·武汉市。
10511,华中师范大学,武汉,武汉市,公办,本科,0,1,1,华中师范大学是教育部公布的普通高等学校（本科），位于武汉·武汉市。
10487,华中科技大学,武汉,武汉市,公办,本科,1,1,1,华中科技大学是教育部公布的普通高等学校（本科），位于武汉·武汉市。
13262,文华学院,武汉,武汉市,民办,本科,0,0,0,文华学院是教育部公布的普通高等学校（本科），位于武汉·武汉市。
13241,武昌工学院,武汉,武汉市,民办,本科,0,0,0,武昌工学院是教育部公布的普通高等学校（本科），位于武汉·武汉市。
12310,武昌理工学院,武汉,武汉市,民办,本科,0,0,0,武昌理工学院是教育部公布的普通高等学校（本科），位于武汉·武汉市。
12309,武昌首义学院,武汉,武汉市,民办,本科,0,0,0,武昌首义学院是教育部公布的普通高等学校（本科），位于武汉·武汉市。
11798,武汉东湖学院,武汉,武汉市,民办,本科,0,0,0,武汉东湖学院是教育部公布的普通高等学校（本科），位于武汉·武汉市。
13686,武汉传媒学院,武汉,武汉市,民办,本科,0,0,0,武汉传媒学院是教育部公布的普通高等学校（本科），位于武汉·武汉市。
10522,武汉体育学院,武汉,武汉市,公办,本科,0,0,0,武汉体育学院是教育部公布的普通高等学校（本科），位于武汉·武汉市。
13253,武汉体育学院体育科技学院,武汉,武汉市,民办,本科,0,0,0,武汉体育学院体育科技学院是教育部公布的普通高等学校（本科），位于武汉·武汉市。
13666,武汉华夏理工学院,武汉,武汉市,民办,本科,0,0,0,武汉华夏理工学院是教育部公布的普通高等学校（本科），位于武汉·武汉市。
11654,武汉商学院,武汉,武汉市,公办,本科,0,0,0,武汉商学院是教育部公布的普通高等学校（本科），位于武汉·武汉市。
10486,武汉大学,武汉,武汉市,公办,本科,1,1,1,武汉大学是教育部公布的普通高等学校（本科），位于武汉·武汉市。
13634,武汉学院,武汉,武汉市,民办,本科,0,0,0,武汉学院是教育部公布的普通高等学校（本科），位于武汉·武汉市。
13242,武汉工商学院,武汉,武汉市,民办,本科,0,0,0,武汉工商学院是教育部公布的普通高等学校（本科），位于武汉·武汉市。
10490,武汉工程大学,武汉,武汉市,公办,本科,0,0,0,武汉工程大学是教育部公布的普通高等学校（本科），位于武汉·武汉市。
13239,武汉工程大学邮电与信息工程学院,武汉,武汉市,民办,本科,0,0,0,武汉工程大学邮电与信息工程学院是教育部公布的普通高等学校（本科），位于武汉·武汉市。
13664,武汉工程科技学院,武汉,武汉市,民办,本科,0,0,0,武汉工程科技学院是教育部公布的普通高等学校（本科），位于武汉·武汉市。
13188,武汉晴川学院,武汉,武汉市,民办,本科,0,0,0,武汉晴川学院是教育部公布的普通高等学校（本科），位于武汉·武汉市。
10497,武汉理工大学,武汉,武汉市,公办,本科,0,1,1,武汉理工大学是教育部公布的普通高等学校（本科），位于武汉·武汉市。
12362,武汉生物工程学院,武汉,武汉市,民办,本科,0,0,0,武汉生物工程学院是教育部公布的普通高等学校（本科），位于武汉·武汉市。
10488,武汉科技大学,武汉,武汉市,公办,本科,0,0,0,武汉科技大学是教育部公布的普通高等学校（本科），位于武汉·武汉市。
13235,武汉科技大学城市学院,武汉,武汉市,民办,本科,0,0,0,武汉科技大学城市学院是教育部公布的普通高等学校（本科），位于武汉·武汉市。
10495,武汉纺织大学,武汉,武汉市,公办,本科,0,0,0,武汉纺织大学是教育部公布的普通高等学校（本科），位于武汉·武汉市。
13240,武汉纺织大学外经贸学院,武汉,武汉市,民办,本科,0,0,0,武汉纺织大学外经贸学院是教育部公布的普通高等学校（本科），位于武汉·武汉市。
14035,武汉设计工程学院,武汉,武汉市,民办,本科,0,0,0,武汉设计工程学院是教育部公布的普通高等学校（本科），位于武汉·武汉市。
10496,武汉轻工大学,武汉,武汉市,公办,本科,0,0,0,武汉轻工大学是教育部公布的普通高等学校（本科），位于武汉·武汉市。
11524,武汉音乐学院,武汉,武汉市,公办,本科,0,0,0,武汉音乐学院是教育部公布的普通高等学校（本科），位于武汉·武汉市。
11800,汉口学院,武汉,武汉市,民办,本科,0,0,0,汉口学院是教育部公布的普通高等学校（本科），位于武汉·武汉市。
11072,江汉大学,武汉,武汉市,公办,本科,0,0,0,江汉大学是教育部公布的普通高等学校（本科），位于武汉·武汉市。
13237,江汉大学文理学院,武汉,武汉市,民办,本科,0,0,0,江汉大学文理学院是教育部公布的普通高等学校（本科），位于武汉·武汉市。
10507,湖北中医药大学,武汉,武汉市,公办,本科,0,0,0,湖北中医药大学是教育部公布的普通高等学校（本科），位于武汉·武汉市。
13247,湖北商贸学院,武汉,武汉市,民办,本科,0,0,0,湖北商贸学院是教育部公布的普通高等学校（本科），位于武汉·武汉市。
10512,湖北大学,武汉,武汉市,公办,本科,0,0,0,湖北大学是教育部公布的普通高等学校（本科），位于武汉·武汉市。
13234,湖北大学知行学院,武汉,武汉市,民办,本科,0,0,0,湖北大学知行学院是教育部公布的普通高等学校（本科），位于武汉·武汉市。
10500,湖北工业大学,武汉,武汉市,公办,本科,0,0,0,湖北工业大学是教育部公布的普通高等学校（本科），位于武汉·武汉市。
13238,湖北工业大学工程技术学院,武汉,武汉市,民办,本科,0,0,0,湖北工业大学工程技术学院是教育部公布的普通高等学校（本科），位于武汉·武汉市。
14099,湖北第二师范学院,武汉,武汉市,公办,本科,0,0,0,湖北第二师范学院是教育部公布的普通高等学校（本科），位于武汉·武汉市。
11600,湖北经济学院,武汉,武汉市,公办,本科,0,0,0,湖北经济学院是教育部公布的普通高等学校（本科），位于武汉·武汉市。
13251,湖北经济学院法商学院,武汉,武汉市,民办,本科,0,0,0,湖北经济学院法商学院是教育部公布的普通高等学校（本科），位于武汉·武汉市。
10523,湖北美术学院,武汉,武汉市,公办,本科,0,0,0,湖北美术学院是教育部公布的普通高等学校（本科），位于武汉·武汉市。
11332,湖北警官学院,武汉,武汉市,公办,本科,0,0,0,湖北警官学院是教育部公布的普通高等学校（本科），位于武汉·武汉市。
10668,贵州工程应用技术学院,毕节,毕节市,公办,本科,0,0,0,贵州工程应用技术学院是教育部公布的普通高等学校（本科），位于毕节·毕节市。
10551,湖南科技学院,永州,永州市,公办,本科,0,0,0,湖南科技学院是教育部公布的普通高等学校（本科），位于永州·永州市。
10720,陕西理工大学,汉中,汉中市,公办,本科,0,0,0,陕西理工大学是教育部公布的普通高等学校（本科），位于汉中·汉中市。
16410,广东以色列理工学院,汕头,汕头市,公办,本科,0,0,0,广东以色列理工学院是教育部公布的普通高等学校（本科），位于汕头·汕头市。
10560,汕头大学,汕头,汕头市,公办,本科,0,0,0,汕头大学是教育部公布的普通高等学校（本科），位于汕头·汕头市。
11349,五邑大学,江门,江门市,公办,本科,0,0,0,五邑大学是教育部公布的普通高等学校（本科），位于江门·江门市。
11306,池州学院,池州,池州市,公办,本科,0,0,0,池州学院是教育部公布的普通高等学校（本科），位于池州·池州市。
10145,东北大学,沈阳,沈阳市,公办,本科,1,1,1,东北大学是教育部公布的普通高等学校（本科），位于沈阳·沈阳市。
10175,中国刑事警察学院,沈阳,沈阳市,公办,本科,0,0,0,中国刑事警察学院是教育部公布的普通高等学校（本科），位于沈阳·沈阳市。
10159,中国医科大学,沈阳,沈阳市,公办,本科,0,1,1,中国医科大学是教育部公布的普通高等学校（本科），位于沈阳·沈阳市。
13211,中国医科大学临床医药学院,沈阳,沈阳市,民办,本科,0,0,0,中国医科大学临床医药学院是教育部公布的普通高等学校（本科），位于沈阳·沈阳市。
10176,沈阳体育学院,沈阳,沈阳市,公办,本科,0,0,0,沈阳体育学院是教育部公布的普通高等学校（本科），位于沈阳·沈阳市。
10157,沈阳农业大学,沈阳,沈阳市,公办,本科,0,0,0,沈阳农业大学是教育部公布的普通高等学校（本科），位于沈阳·沈阳市。
10149,沈阳化工大学,沈阳,沈阳市,公办,本科,0,0,0,沈阳化工大学是教育部公布的普通高等学校（本科），位于沈阳·沈阳市。
10164,沈阳医学院,沈阳,沈阳市,公办,本科,0,0,0,沈阳医学院是教育部公布的普通高等学校（本科），位于沈阳·沈阳市。
13220,沈阳城市学院,沈阳,沈阳市,民办,本科,0,0,0,沈阳城市学院是教育部公布的普通高等学校（本科），位于沈阳·沈阳市。
13208,沈阳城市建设学院,沈阳,沈阳市,民办,本科,0,0,0,沈阳城市建设学院是教育部公布的普通高等学校（本科），位于沈阳·沈阳市。
11035,沈阳大学,沈阳,沈阳市,公办,本科,0,0,0,沈阳大学是教育部公布的普通高等学校（本科），位于沈阳·沈阳市。
10142,沈阳工业大学,沈阳,沈阳市,公办,本科,0,0,0,沈阳工业大学是教育部公布的普通高等学校（本科），位于沈阳·沈阳市。
13201,沈阳工学院,沈阳,沈阳市,民办,本科,0,0,0,沈阳工学院是教育部公布的普通高等学校（本科），位于沈阳·沈阳市。
11632,沈阳工程学院,沈阳,沈阳市,公办,本科,0,0,0,沈阳工程学院是教育部公布的普通高等学校（本科），位于沈阳·沈阳市。
10166,沈阳师范大学,沈阳,沈阳市,公办,本科,0,0,0,沈阳师范大学是教育部公布的普通高等学校（本科），位于沈阳·沈阳市。
10153,沈阳建筑大学,沈阳,沈阳市,公办,本科,0,0,0,沈阳建筑大学是教育部公布的普通高等学校（本科），位于沈阳·沈阳市。
10144,沈阳理工大学,沈阳,沈阳市,公办,本科,0,0,0,沈阳理工大学是教育部公布的普通高等学校（本科），位于沈阳·沈阳市。
13621,沈阳科技学院,沈阳,沈阳市,民办,本科,0,0,0,沈阳科技学院是教育部公布的普通高等学校（本科），位于沈阳·沈阳市。
10143,沈阳航空航天大学,沈阳,沈阳市,公办,本科,0,0,0,沈阳航空航天大学是教育部公布的普通高等学校（本科），位于沈阳·沈阳市。
13200,沈阳航空航天大学北方科技学院,沈阳,沈阳市,民办,本科,0,0,0,沈阳航空航天大学北方科技学院是教育部公布的普通高等学校（本科），位于沈阳·沈阳市。
10163,沈阳药科大学,沈阳,沈阳市,公办,本科,0,0,0,沈阳药科大学是教育部公布的普通高等学校（本科），位于沈阳·沈阳市。
10177,沈阳音乐学院,沈阳,沈阳市,公办,本科,0,0,0,沈阳音乐学院是教育部公布的普通高等学校（本科），位于沈阳·沈阳市。
10162,辽宁中医药大学,沈阳,沈阳市,公办,本科,0,0,0,辽宁中医药大学是教育部公布的普通高等学校（本科），位于沈阳·沈阳市。
13609,辽宁中医药大学杏林学院,沈阳,沈阳市,民办,本科,0,0,0,辽宁中医药大学杏林学院是教育部公布的普通高等学校（本科），位于沈阳·沈阳市。
13957,辽宁传媒学院,沈阳,沈阳市,民办,本科,0,0,0,辽宁传媒学院是教育部公布的普通高等学校（本科），位于沈阳·沈阳市。
13610,辽宁何氏医学院,沈阳,沈阳市,民办,本科,0,0,0,辽宁何氏医学院是教育部公布的普通高等学校（本科），位于沈阳·沈阳市。
10140,辽宁大学,沈阳,沈阳市,公办,本科,0,1,1,辽宁大学是教育部公布的普通高等学校（本科），位于沈阳·沈阳市。
13215,辽宁师范大学海华学院,沈阳,沈阳市,民办,本科,0,0,0,辽宁师范大学海华学院是教育部公布的普通高等学校（本科），位于沈阳·沈阳市。
10178,鲁迅美术学院,沈阳,沈阳市,公办,本科,0,0,0,鲁迅美术学院是教育部公布的普通高等学校（本科），位于沈阳·沈阳市。
14202,北京交通大学海滨学院,沧州,沧州市,民办,本科,0,0,0,北京交通大学海滨学院是教育部公布的普通高等学校（本科），位于沧州·沧州市。
10105,沧州师范学院,沧州,沧州市,公办,本科,0,0,0,沧州师范学院是教育部公布的普通高等学校（本科），位于沧州·沧州市。
10085,河北水利电力学院,沧州,沧州市,公办,本科,0,0,0,河北水利电力学院是教育部公布的普通高等学校（本科），位于沧州·沧州市。
10605,河池学院,河池,河池市,公办,本科,0,0,0,河池学院是教育部公布的普通高等学校（本科），位于河池·河池市。
11784,仰恩大学,泉州,泉州市,民办,本科,0,0,0,仰恩大学是教育部公布的普通高等学校（本科），位于泉州·泉州市。
10385,华侨大学,泉州,泉州市,公办,本科,0,0,0,华侨大学是教育部公布的普通高等学校（本科），位于泉州·泉州市。
13766,泉州信息工程学院,泉州,泉州市,民办,本科,0,0,0,泉州信息工程学院是教育部公布的普通高等学校（本科），位于泉州·泉州市。
10399,泉州师范学院,泉州,泉州市,公办,本科,0,0,0,泉州师范学院是教育部公布的普通高等学校（本科），位于泉州·泉州市。
12992,福建师范大学闽南科技学院,泉州,泉州市,民办,本科,0,0,0,福建师范大学闽南科技学院是教育部公布的普通高等学校（本科），位于泉州·泉州市。
12710,闽南理工学院,泉州,泉州市,民办,本科,0,0,0,闽南理工学院是教育部公布的普通高等学校（本科），位于泉州·泉州市。
10434,山东农业大学,泰安,泰安市,公办,本科,0,0,0,山东农业大学是教育部公布的普通高等学校（本科），位于泰安·泰安市。
13624,山东科技大学泰山科技学院,泰安,泰安市,民办,本科,0,0,0,山东科技大学泰山科技学院是教育部公布的普通高等学校（本科），位于泰安·泰安市。
13999,山东财经大学东方学院,泰安,泰安市,民办,本科,0,0,0,山东财经大学东方学院是教育部公布的普通高等学校（本科），位于泰安·泰安市。
10439,泰山医学院,泰安,泰安市,公办,本科,0,0,0,泰山医学院是教育部公布的普通高等学校（本科），位于泰安·泰安市。
10453,泰山学院,泰安,泰安市,公办,本科,0,0,0,泰山学院是教育部公布的普通高等学校（本科），位于泰安·泰安市。
13981,南京中医药大学翰林学院,泰州,泰州市,民办,本科,0,0,0,南京中医药大学翰林学院是教育部公布的普通高等学校（本科），位于泰州·泰州市。
13843,南京师范大学泰州学院,泰州,泰州市,民办,本科,0,0,0,南京师范大学泰州学院是教育部公布的普通高等学校（本科），位于泰州·泰州市。
13842,南京理工大学泰州科技学院,泰州,泰州市,民办,本科,0,0,0,南京理工大学泰州科技学院是教育部公布的普通高等学校（本科），位于泰州·泰州市。
13992,常州大学怀德学院,泰州,泰州市,民办,本科,0,0,0,常州大学怀德学院是教育部公布的普通高等学校（本科），位于泰州·泰州市。
12917,泰州学院,泰州,泰州市,公办,本科,0,0,0,泰州学院是教育部公布的普通高等学校（本科），位于泰州·泰州市。
12212,四川警察学院,泸州,泸州市,公办,本科,0,0,0,四川警察学院是教育部公布的普通高等学校（本科），位于泸州·泸州市。
10632,西南医科大学,泸州,泸州市,公办,本科,0,0,0,西南医科大学是教育部公布的普通高等学校（本科），位于泸州·泸州市。
10464,河南科技大学,洛阳,洛阳市,公办,本科,0,0,0,河南科技大学是教育部公布的普通高等学校（本科），位于洛阳·洛阳市。
10482,洛阳师范学院,洛阳,洛阳市,公办,本科,0,0,0,洛阳师范学院是教育部公布的普通高等学校（本科），位于洛阳·洛阳市。
11070,洛阳理工学院,洛阳,洛阳市,公办,本科,0,0,0,洛阳理工学院是教育部公布的普通高等学校（本科），位于洛阳·洛阳市。
10441,山东中医药大学,济南,济南市,公办,本科,0,0,0,山东中医药大学是教育部公布的普通高等学校（本科），位于济南·济南市。
11510,山东交通学院,济南,济南市,公办,本科,0,0,0,山东交通学院是教育部公布的普通高等学校（本科），位于济南·济南市。
10457,山东体育学院,济南,济南市,公办,本科,0,0,0,山东体育学院是教育部公布的普通高等学校（本科），位于济南·济南市。
14439,山东农业工程学院,济南,济南市,公办,本科,0,0,0,山东农业工程学院是教育部公布的普通高等学校（本科），位于济南·济南市。
13324,山东协和学院,济南,济南市,民办,本科,0,0,0,山东协和学院是教育部公布的普通高等学校（本科），位于济南·济南市。
10422,山东大学,济南,济南市,公办,本科,1,1,1,山东大学是教育部公布的普通高等学校（本科），位于济南·济南市。
12331,山东女子学院,济南,济南市,公办,本科,0,0,0,山东女子学院是教育部公布的普通高等学校（本科），位于济南·济南市。
10908,山东工艺美术学院,济南,济南市,公办,本科,0,0,0,山东工艺美术学院是教育部公布的普通高等学校（本科），位于济南·济南市。
10445,山东师范大学,济南,济南市,公办,本科,0,0,0,山东师范大学是教育部公布的普通高等学校（本科），位于济南·济南市。
13379,山东师范大学历山学院,济南,济南市,民办,本科,0,0,0,山东师范大学历山学院是教育部公布的普通高等学校（本科），位于济南·济南市。
10430,山东建筑大学,济南,济南市,公办,本科,0,0,0,山东建筑大学是教育部公布的普通高等学校（本科），位于济南·济南市。
14100,山东政法学院,济南,济南市,公办,本科,0,0,0,山东政法学院是教育部公布的普通高等学校（本科），位于济南·济南市。
13322,山东现代学院,济南,济南市,民办,本科,0,0,0,山东现代学院是教育部公布的普通高等学校（本科），位于济南·济南市。
14438,山东管理学院,济南,济南市,公办,本科,0,0,0,山东管理学院是教育部公布的普通高等学校（本科），位于济南·济南市。
10458,山东艺术学院,济南,济南市,公办,本科,0,0,0,山东艺术学院是教育部公布的普通高等学校（本科），位于济南·济南市。
13006,山东英才学院,济南,济南市,民办,本科,0,0,0,山东英才学院是教育部公布的普通高等学校（本科），位于济南·济南市。
11324,山东警察学院,济南,济南市,公办,本科,0,0,0,山东警察学院是教育部公布的普通高等学校（本科），位于济南·济南市。
10456,山东财经大学,济南,济南市,公办,本科,0,0,0,山东财经大学是教育部公布的普通高等学校（本科），位于济南·济南市。
13383,山东财经大学燕山学院,济南,济南市,民办,本科,0,0,0,山东财经大学燕山学院是教育部公布的普通高等学校（本科），位于济南·济南市。
14277,山东青年政治学院,济南,济南市,公办,本科,0,0,0,山东青年政治学院是教育部公布的普通高等学校（本科），位于济南·济南市。
10427,济南大学,济南,济南市,公办,本科,0,0,0,济南大学是教育部公布的普通高等学校（本科），位于济南·济南市。
14002,济南大学泉城学院,济南,济南市,民办,本科,0,0,0,济南大学泉城学院是教育部公布的普通高等学校（本科），位于济南·济南市。
10431,齐鲁工业大学,济南,济南市,公办,本科,0,0,0,齐鲁工业大学是教育部公布的普通高等学校（本科），位于济南·济南市。
14276,齐鲁师范学院,济南,济南市,公办,本科,0,0,0,齐鲁师范学院是教育部公布的普通高等学校（本科），位于济南·济南市。
13998,齐鲁理工学院,济南,济南市,民办,本科,0,0,0,齐鲁理工学院是教育部公布的普通高等学校（本科），位于济南·济南市。
10446,曲阜师范大学,济宁,济宁市,公办,本科,0,0,0,曲阜师范大学是教育部公布的普通高等学校（本科），位于济宁·济宁市。
10443,济宁医学院,济宁,济宁市,公办,本科,0,0,0,济宁医学院是教育部公布的普通高等学校（本科），位于济宁·济宁市。
10454,济宁学院,济宁,济宁市,公办,本科,0,0,0,济宁学院是教育部公布的普通高等学校（本科），位于济宁·济宁市。
11810,海南医学院,海口,海口市,公办,本科,0,0,0,海南医学院是教育部公布的普通高等学校（本科），位于海口·海口市。
10589,海南大学,海口,海口市,公办,本科,1,1,1,海南大学是教育部公布的普通高等学校（本科），位于海口·海口市。
11658,海南师范大学,海口,海口市,公办,本科,0,0,0,海南师范大学是教育部公布的普通高等学校（本科），位于海口·海口市。
12308,海口经济学院,海口,海口市,民办,本科,0,0,0,海口经济学院是教育部公布的普通高等学校（本科），位于海口·海口市。
13811,琼台师范学院,海口,海口市,公办,本科,0,0,0,琼台师范学院是教育部公布的普通高等学校（本科），位于海口·海口市。
10433,山东理工大学,淄博,淄博市,公办,本科,0,0,0,山东理工大学是教育部公布的普通高等学校（本科），位于淄博·淄博市。
10825,齐鲁医药学院,淄博,淄博市,民办,本科,0,0,0,齐鲁医药学院是教育部公布的普通高等学校（本科），位于淄博·淄博市。
10373,淮北师范大学,淮北,淮北市,公办,本科,0,0,0,淮北师范大学是教育部公布的普通高等学校（本科），位于淮北·淮北市。
13620,淮北师范大学信息学院,淮北,淮北市,民办,本科,0,0,0,淮北师范大学信息学院是教育部公布的普通高等学校（本科），位于淮北·淮北市。
10361,安徽理工大学,淮南,淮南市,公办,本科,0,0,0,安徽理工大学是教育部公布的普通高等学校（本科），位于淮南·淮南市。
10381,淮南师范学院,淮南,淮南市,公办,本科,0,0,0,淮南师范学院是教育部公布的普通高等学校（本科），位于淮南·淮南市。
11049,淮阴工学院,淮安,淮安市,公办,本科,0,0,0,淮阴工学院是教育部公布的普通高等学校（本科），位于淮安·淮安市。
10323,淮阴师范学院,淮安,淮安市,公办,本科,0,0,0,淮阴师范学院是教育部公布的普通高等学校（本科），位于淮安·淮安市。
14325,南方科技大学,深圳,深圳市,公办,本科,0,0,0,南方科技大学是教育部公布的普通高等学校（本科），位于深圳·深圳市。
16409,深圳北理莫斯科大学,深圳,深圳市,公办,本科,0,0,0,深圳北理莫斯科大学是教育部公布的普通高等学校（本科），位于深圳·深圳市。
10590,深圳大学,深圳,深圳市,公办,本科,0,0,0,深圳大学是教育部公布的普通高等学校（本科），位于深圳·深圳市。
16407,香港中文大学（深圳）,深圳,深圳市,公办,本科,0,0,0,香港中文大学（深圳）是教育部公布的普通高等学校（本科），位于深圳·深圳市。
10343,温州医科大学,温州,温州市,公办,本科,0,0,0,温州医科大学是教育部公布的普通高等学校（本科），位于温州·温州市。
13284,温州医科大学仁济学院,温州,温州市,民办,本科,0,0,0,温州医科大学仁济学院是教育部公布的普通高等学校（本科），位于温州·温州市。
13637,温州商学院,温州,温州市,民办,本科,0,0,0,温州商学院是教育部公布的普通高等学校（本科），位于温州·温州市。
10351,温州大学,温州,温州市,公办,本科,0,0,0,温州大学是教育部公布的普通高等学校（本科），位于温州·温州市。
13289,温州大学瓯江学院,温州,温州市,民办,本科,0,0,0,温州大学瓯江学院是教育部公布的普通高等学校（本科），位于温州·温州市。
16405,温州肯恩大学,温州,温州市,公办,本科,0,0,0,温州肯恩大学是教育部公布的普通高等学校（本科），位于温州·温州市。
10723,渭南师范学院,渭南,渭南市,公办,本科,0,0,0,渭南师范学院是教育部公布的普通高等学校（本科），位于渭南·渭南市。
10347,湖州师范学院,湖州,湖州市,公办,本科,0,0,0,湖州师范学院是教育部公布的普通高等学校（本科），位于湖州·湖州市。
13287,湖州师范学院求真学院,湖州,湖州市,民办,本科,0,0,0,湖州师范学院求真学院是教育部公布的普通高等学校（本科），位于湖州·湖州市。
11342,湖南工程学院,湘潭,湘潭市,公办,本科,0,0,0,湖南工程学院是教育部公布的普通高等学校（本科），位于湘潭·湘潭市。
12660,湖南工程学院应用技术学院,湘潭,湘潭市,民办,本科,0,0,0,湖南工程学院应用技术学院是教育部公布的普通高等学校（本科），位于湘潭·湘潭市。
10534,湖南科技大学,湘潭,湘潭市,公办,本科,0,0,0,湖南科技大学是教育部公布的普通高等学校（本科），位于湘潭·湘潭市。
12649,湖南科技大学潇湘学院,湘潭,湘潭市,民办,本科,0,0,0,湖南科技大学潇湘学院是教育部公布的普通高等学校（本科），位于湘潭·湘潭市。
10530,湘潭大学,湘潭,湘潭市,公办,本科,0,0,0,湘潭大学是教育部公布的普通高等学校（本科），位于湘潭·湘潭市。
12599,湘潭大学兴湘学院,湘潭,湘潭市,民办,本科,0,0,0,湘潭大学兴湘学院是教育部公布的普通高等学校（本科），位于湘潭·湘潭市。
10531,吉首大学,湘西土家族苗族自治州,湘西土家族苗族自治州,公办,本科,0,0,0,吉首大学是教育部公布的普通高等学校（本科），位于湘西土家族苗族自治州·湘西土家族苗族自治州。
10579,岭南师范学院,湛江,湛江市,公办,本科,0,0,0,岭南师范学院是教育部公布的普通高等学校（本科），位于湛江·湛江市。
10571,广东医科大学,湛江,湛江市,公办,本科,0,0,0,广东医科大学是教育部公布的普通高等学校（本科），位于湛江·湛江市。
10566,广东海洋大学,湛江,湛江市,公办,本科,0,0,0,广东海洋大学是教育部公布的普通高等学校（本科），位于湛江·湛江市。
12622,广东海洋大学寸金学院,湛江,湛江市,民办,本科,0,0,0,广东海洋大学寸金学院是教育部公布的普通高等学校（本科），位于湛江·湛江市。
10879,安徽科技学院,滁州,滁州市,公办,本科,0,0,0,安徽科技学院是教育部公布的普通高等学校（本科），位于滁州·滁州市。
10377,滁州学院,滁州,滁州市,公办,本科,0,0,0,滁州学院是教育部公布的普通高等学校（本科），位于滁州·滁州市。
10440,滨州医学院,滨州,滨州市,公办,本科,0,0,0,滨州医学院是教育部公布的普通高等学校（本科），位于滨州·滨州市。
10449,滨州学院,滨州,滨州市,公办,本科,0,0,0,滨州学院是教育部公布的普通高等学校（本科），位于滨州·滨州市。
13469,厦门大学嘉庚学院,漳州,漳州市,民办,本科,0,0,0,厦门大学嘉庚学院是教育部公布的普通高等学校（本科），位于漳州·漳州市。
10402,闽南师范大学,漳州,漳州市,公办,本科,0,0,0,闽南师范大学是教育部公布的普通高等学校（本科），位于漳州·漳州市。
10438,潍坊医学院,潍坊,潍坊市,公办,本科,0,0,0,潍坊医学院是教育部公布的普通高等学校（本科），位于潍坊·潍坊市。
11067,潍坊学院,潍坊,潍坊市,公办,本科,0,0,0,潍坊学院是教育部公布的普通高等学校（本科），位于潍坊·潍坊市。
12843,潍坊科技学院,潍坊,潍坊市,民办,本科,0,0,0,潍坊科技学院是教育部公布的普通高等学校（本科），位于潍坊·潍坊市。
10578,韩山师范学院,潮州,潮州市,公办,本科,0,0,0,韩山师范学院是教育部公布的普通高等学校（本科），位于潮州·潮州市。
11688,山东工商学院,烟台,烟台市,公办,本科,0,0,0,山东工商学院是教育部公布的普通高等学校（本科），位于烟台·烟台市。
12332,烟台南山学院,烟台,烟台市,民办,本科,0,0,0,烟台南山学院是教育部公布的普通高等学校（本科），位于烟台·烟台市。
11066,烟台大学,烟台,烟台市,公办,本科,0,0,0,烟台大学是教育部公布的普通高等学校（本科），位于烟台·烟台市。
13359,烟台大学文经学院,烟台,烟台市,民办,本科,0,0,0,烟台大学文经学院是教育部公布的普通高等学校（本科），位于烟台·烟台市。
13997,青岛农业大学海都学院,烟台,烟台市,民办,本科,0,0,0,青岛农业大学海都学院是教育部公布的普通高等学校（本科），位于烟台·烟台市。
10451,鲁东大学,烟台,烟台市,公办,本科,0,0,0,鲁东大学是教育部公布的普通高等学校（本科），位于烟台·烟台市。
10460,河南理工大学,焦作,焦作市,公办,本科,0,0,0,河南理工大学是教育部公布的普通高等学校（本科），位于焦作·焦作市。
13498,黄河交通学院,焦作,焦作市,民办,本科,0,0,0,黄河交通学院是教育部公布的普通高等学校（本科），位于焦作·焦作市。
10229,牡丹江医学院,牡丹江,牡丹江市,公办,本科,0,0,0,牡丹江医学院是教育部公布的普通高等学校（本科），位于牡丹江·牡丹江市。
10233,牡丹江师范学院,牡丹江,牡丹江市,公办,本科,0,0,0,牡丹江师范学院是教育部公布的普通高等学校（本科），位于牡丹江·牡丹江市。
10606,玉林师范学院,玉林,玉林市,公办,本科,0,0,0,玉林师范学院是教育部公布的普通高等学校（本科），位于玉林·玉林市。
11390,玉溪师范学院,玉溪,玉溪市,公办,本科,0,0,0,玉溪师范学院是教育部公布的普通高等学校（本科），位于玉溪·玉溪市。
16401,北京师范大学-香港浸会大学联合国际学院,珠海,珠海市,公办,本科,0,0,0,北京师范大学-香港浸会大学联合国际学院是教育部公布的普通高等学校（本科），位于珠海·珠海市。
13177,北京师范大学珠海分校,珠海,珠海市,民办,本科,0,0,0,北京师范大学珠海分校是教育部公布的普通高等学校（本科），位于珠海·珠海市。
13675,北京理工大学珠海学院,珠海,珠海市,民办,本科,0,0,0,北京理工大学珠海学院是教育部公布的普通高等学校（本科），位于珠海·珠海市。
13684,吉林大学珠海学院,珠海,珠海市,民办,本科,0,0,0,吉林大学珠海学院是教育部公布的普通高等学校（本科），位于珠海·珠海市。
11561,甘肃民族师范学院,"甘南藏族
自治州","甘南藏族
自治州",公办,本科,0,0,0,"甘肃民族师范学院是教育部公布的普通高等学校（本科），位于甘南藏族
自治州·甘南藏族
自治州。"
11661,四川民族学院,"甘孜藏族
自治州","甘孜藏族
自治州",公办,本科,0,0,0,"四川民族学院是教育部公布的普通高等学校（本科），位于甘孜藏族
自治州·甘孜藏族
自治州。"
10206,白城师范学院,白城,白城市,公办,本科,0,0,0,白城师范学院是教育部公布的普通高等学校（本科），位于白城·白城市。
10599,右江民族医学院,百色,百色市,公办,本科,0,0,0,右江民族医学院是教育部公布的普通高等学校（本科），位于百色·百色市。
10609,百色学院,百色,百色市,公办,本科,0,0,0,百色学院是教育部公布的普通高等学校（本科），位于百色·百色市。
11527,湖南城市学院,益阳,益阳市,公办,本科,0,0,0,湖南城市学院是教育部公布的普通高等学校（本科），位于益阳·益阳市。
10305,盐城工学院,盐城,盐城市,公办,本科,0,0,0,盐城工学院是教育部公布的普通高等学校（本科），位于盐城·盐城市。
10324,盐城师范学院,盐城,盐城市,公办,本科,0,0,0,盐城师范学院是教育部公布的普通高等学校（本科），位于盐城·盐城市。
14039,四川大学锦江学院,眉山,眉山市,民办,本科,0,0,0,四川大学锦江学院是教育部公布的普通高等学校（本科），位于眉山·眉山市。
12544,宁夏理工学院,石嘴山,石嘴山市,民办,本科,0,0,0,宁夏理工学院是教育部公布的普通高等学校（本科），位于石嘴山·石嘴山市。
14432,河北中医学院,石家庄,石家庄市,公办,本科,0,0,0,河北中医学院是教育部公布的普通高等学校（本科），位于石家庄·石家庄市。
12784,河北传媒学院,石家庄,石家庄市,民办,本科,0,0,0,河北传媒学院是教育部公布的普通高等学校（本科），位于石家庄·石家庄市。
11236,河北体育学院,石家庄,石家庄市,公办,本科,0,0,0,河北体育学院是教育部公布的普通高等学校（本科），位于石家庄·石家庄市。
10089,河北医科大学,石家庄,石家庄市,公办,本科,0,0,0,河北医科大学是教育部公布的普通高等学校（本科），位于石家庄·石家庄市。
13415,河北医科大学临床学院,石家庄,石家庄市,民办,本科,0,0,0,河北医科大学临床学院是教育部公布的普通高等学校（本科），位于石家庄·石家庄市。
10077,河北地质大学,石家庄,石家庄市,公办,本科,0,0,0,河北地质大学是教育部公布的普通高等学校（本科），位于石家庄·石家庄市。
13594,河北地质大学华信学院,石家庄,石家庄市,民办,本科,0,0,0,河北地质大学华信学院是教育部公布的普通高等学校（本科），位于石家庄·石家庄市。
13402,河北外国语学院,石家庄,石家庄市,民办,本科,0,0,0,河北外国语学院是教育部公布的普通高等学校（本科），位于石家庄·石家庄市。
12796,河北工程技术学院,石家庄,石家庄市,民办,本科,0,0,0,河北工程技术学院是教育部公布的普通高等学校（本科），位于石家庄·石家庄市。
10094,河北师范大学,石家庄,石家庄市,公办,本科,0,0,0,河北师范大学是教育部公布的普通高等学校（本科），位于石家庄·石家庄市。
13411,河北师范大学汇华学院,石家庄,石家庄市,民办,本科,0,0,0,河北师范大学汇华学院是教育部公布的普通高等学校（本科），位于石家庄·石家庄市。
10082,河北科技大学,石家庄,石家庄市,公办,本科,0,0,0,河北科技大学是教育部公布的普通高等学校（本科），位于石家庄·石家庄市。
13409,河北科技大学理工学院,石家庄,石家庄市,民办,本科,0,0,0,河北科技大学理工学院是教育部公布的普通高等学校（本科），位于石家庄·石家庄市。
11832,河北经贸大学,石家庄,石家庄市,公办,本科,0,0,0,河北经贸大学是教育部公布的普通高等学校（本科），位于石家庄·石家庄市。
13414,河北经贸大学经济管理学院,石家庄,石家庄市,民办,本科,0,0,0,河北经贸大学经济管理学院是教育部公布的普通高等学校（本科），位于石家庄·石家庄市。
13075,河北美术学院,石家庄,石家庄市,民办,本科,0,0,0,河北美术学院是教育部公布的普通高等学校（本科），位于石家庄·石家庄市。
10102,石家庄学院,石家庄,石家庄市,公办,本科,0,0,0,石家庄学院是教育部公布的普通高等学校（本科），位于石家庄·石家庄市。
10107,石家庄铁道大学,石家庄,石家庄市,公办,本科,0,0,0,石家庄铁道大学是教育部公布的普通高等学校（本科），位于石家庄·石家庄市。
13593,石家庄铁道大学四方学院,石家庄,石家庄市,民办,本科,0,0,0,石家庄铁道大学四方学院是教育部公布的普通高等学校（本科），位于石家庄·石家庄市。
10759,石河子大学,石河子,石河子市,公办,本科,1,1,1,石河子大学是教育部公布的普通高等学校（本科），位于石河子·石河子市。
13628,石河子大学科技学院,石河子,石河子市,民办,本科,0,0,0,石河子大学科技学院是教育部公布的普通高等学校（本科），位于石河子·石河子市。
13762,福州外语外贸学院,福州,福州市,民办,本科,0,0,0,福州外语外贸学院是教育部公布的普通高等学校（本科），位于福州·福州市。
10386,福州大学,福州,福州市,公办,本科,0,1,1,福州大学是教育部公布的普通高等学校（本科），位于福州·福州市。
13470,福州大学至诚学院,福州,福州市,民办,本科,0,0,0,福州大学至诚学院是教育部公布的普通高等学校（本科），位于福州·福州市。
13773,福州理工学院,福州,福州市,民办,本科,0,0,0,福州理工学院是教育部公布的普通高等学校（本科），位于福州·福州市。
10393,福建中医药大学,福州,福州市,公办,本科,0,0,0,福建中医药大学是教育部公布的普通高等学校（本科），位于福州·福州市。
10389,福建农林大学,福州,福州市,公办,本科,0,0,0,福建农林大学是教育部公布的普通高等学校（本科），位于福州·福州市。
12993,福建农林大学东方学院,福州,福州市,民办,本科,0,0,0,福建农林大学东方学院是教育部公布的普通高等学校（本科），位于福州·福州市。
14046,福建农林大学金山学院,福州,福州市,民办,本科,0,0,0,福建农林大学金山学院是教育部公布的普通高等学校（本科），位于福州·福州市。
10392,福建医科大学,福州,福州市,公办,本科,0,0,0,福建医科大学是教育部公布的普通高等学校（本科），位于福州·福州市。
11313,福建商学院,福州,福州市,公办,本科,0,0,0,福建商学院是教育部公布的普通高等学校（本科），位于福州·福州市。
10388,福建工程学院,福州,福州市,公办,本科,0,0,0,福建工程学院是教育部公布的普通高等学校（本科），位于福州·福州市。
10394,福建师范大学,福州,福州市,公办,本科,0,0,0,福建师范大学是教育部公布的普通高等学校（本科），位于福州·福州市。
13472,福建师范大学协和学院,福州,福州市,民办,本科,0,0,0,福建师范大学协和学院是教育部公布的普通高等学校（本科），位于福州·福州市。
13763,福建江夏学院,福州,福州市,公办,本科,0,0,0,福建江夏学院是教育部公布的普通高等学校（本科），位于福州·福州市。
11495,福建警察学院,福州,福州市,公办,本科,0,0,0,福建警察学院是教育部公布的普通高等学校（本科），位于福州·福州市。
10395,闽江学院,福州,福州市,公办,本科,0,0,0,闽江学院是教育部公布的普通高等学校（本科），位于福州·福州市。
13468,阳光学院,福州,福州市,民办,本科,0,0,0,阳光学院是教育部公布的普通高等学校（本科），位于福州·福州市。
51721,河北环境工程学院,秦皇岛,秦皇岛市,公办,本科,0,0,0,河北环境工程学院是教育部公布的普通高等学校（本科），位于秦皇岛·秦皇岛市。
10798,河北科技师范学院,秦皇岛,秦皇岛市,公办,本科,0,0,0,河北科技师范学院是教育部公布的普通高等学校（本科），位于秦皇岛·秦皇岛市。
10216,燕山大学,秦皇岛,秦皇岛市,公办,本科,0,0,0,燕山大学是教育部公布的普通高等学校（本科），位于秦皇岛·秦皇岛市。
13592,燕山大学里仁学院,秦皇岛,秦皇岛市,民办,本科,0,0,0,燕山大学里仁学院是教育部公布的普通高等学校（本科），位于秦皇岛·秦皇岛市。
10687,红河学院,红河哈尼族彝族自治州,红河哈尼族彝族自治州,公办,本科,0,0,0,红河学院是教育部公布的普通高等学校（本科），位于红河哈尼族彝族自治州·红河哈尼族彝族自治州。
13283,浙江农林大学暨阳学院,绍兴,绍兴市,民办,本科,0,0,0,浙江农林大学暨阳学院是教育部公布的普通高等学校（本科），位于绍兴·绍兴市。
12792,浙江越秀外国语学院,绍兴,绍兴市,民办,本科,0,0,0,浙江越秀外国语学院是教育部公布的普通高等学校（本科），位于绍兴·绍兴市。
10349,绍兴文理学院,绍兴,绍兴市,公办,本科,0,0,0,绍兴文理学院是教育部公布的普通高等学校（本科），位于绍兴·绍兴市。
13288,绍兴文理学院元培学院,绍兴,绍兴市,民办,本科,0,0,0,绍兴文理学院元培学院是教育部公布的普通高等学校（本科），位于绍兴·绍兴市。
10236,绥化学院,绥化,绥化市,公办,本科,0,0,0,绥化学院是教育部公布的普通高等学校（本科），位于绥化·绥化市。
14043,四川文化艺术学院,绵阳,绵阳市,民办,本科,0,0,0,四川文化艺术学院是教育部公布的普通高等学校（本科），位于绵阳·绵阳市。
10639,绵阳师范学院,绵阳,绵阳市,公办,本科,0,0,0,绵阳师范学院是教育部公布的普通高等学校（本科），位于绵阳·绵阳市。
10619,西南科技大学,绵阳,绵阳市,公办,本科,0,0,0,西南科技大学是教育部公布的普通高等学校（本科），位于绵阳·绵阳市。
14045,西南科技大学城市学院,绵阳,绵阳市,民办,本科,0,0,0,西南科技大学城市学院是教育部公布的普通高等学校（本科），位于绵阳·绵阳市。
14037,西南财经大学天府学院,绵阳,绵阳市,民办,本科,0,0,0,西南财经大学天府学院是教育部公布的普通高等学校（本科），位于绵阳·绵阳市。
10447,聊城大学,聊城,聊城市,公办,本科,0,0,0,聊城大学是教育部公布的普通高等学校（本科），位于聊城·聊城市。
13373,聊城大学东昌学院,聊城,聊城市,民办,本科,0,0,0,聊城大学东昌学院是教育部公布的普通高等学校（本科），位于聊城·聊城市。
13720,广东理工学院,肇庆,肇庆市,民办,本科,0,0,0,广东理工学院是教育部公布的普通高等学校（本科），位于肇庆·肇庆市。
10580,肇庆学院,肇庆,肇庆市,公办,本科,0,0,0,肇庆学院是教育部公布的普通高等学校（本科），位于肇庆·肇庆市。
10622,四川理工学院,自贡,自贡市,公办,本科,0,0,0,四川理工学院是教育部公布的普通高等学校（本科），位于自贡·自贡市。
10340,浙江海洋大学,舟山,舟山市,公办,本科,0,0,0,浙江海洋大学是教育部公布的普通高等学校（本科），位于舟山·舟山市。
13282,浙江海洋大学东海科学技术学院,舟山,舟山市,民办,本科,0,0,0,浙江海洋大学东海科学技术学院是教育部公布的普通高等学校（本科），位于舟山·舟山市。
13613,安徽信息工程学院,芜湖,芜湖市,民办,本科,0,0,0,安徽信息工程学院是教育部公布的普通高等学校（本科），位于芜湖·芜湖市。
10363,安徽工程大学,芜湖,芜湖市,公办,本科,0,0,0,安徽工程大学是教育部公布的普通高等学校（本科），位于芜湖·芜湖市。
10370,安徽师范大学,芜湖,芜湖市,公办,本科,0,0,0,安徽师范大学是教育部公布的普通高等学校（本科），位于芜湖·芜湖市。
13617,安徽师范大学皖江学院,芜湖,芜湖市,民办,本科,0,0,0,安徽师范大学皖江学院是教育部公布的普通高等学校（本科），位于芜湖·芜湖市。
10368,皖南医学院,芜湖,芜湖市,公办,本科,0,0,0,皖南医学院是教育部公布的普通高等学校（本科），位于芜湖·芜湖市。
10333,常熟理工学院,苏州,苏州市,公办,本科,0,0,0,常熟理工学院是教育部公布的普通高等学校（本科），位于苏州·苏州市。
10285,苏州大学,苏州,苏州市,公办,本科,0,1,1,苏州大学是教育部公布的普通高等学校（本科），位于苏州·苏州市。
13984,苏州大学应用技术学院,苏州,苏州市,民办,本科,0,0,0,苏州大学应用技术学院是教育部公布的普通高等学校（本科），位于苏州·苏州市。
13983,苏州大学文正学院,苏州,苏州市,民办,本科,0,0,0,苏州大学文正学院是教育部公布的普通高等学校（本科），位于苏州·苏州市。
10332,苏州科技大学,苏州,苏州市,公办,本科,0,0,0,苏州科技大学是教育部公布的普通高等学校（本科），位于苏州·苏州市。
13985,苏州科技大学天平学院,苏州,苏州市,民办,本科,0,0,0,苏州科技大学天平学院是教育部公布的普通高等学校（本科），位于苏州·苏州市。
16403,西交利物浦大学,苏州,苏州市,公办,本科,0,0,0,西交利物浦大学是教育部公布的普通高等学校（本科），位于苏州·苏州市。
11656,广东石油化工学院,茂名,茂名市,公办,本科,0,0,0,广东石油化工学院是教育部公布的普通高等学校（本科），位于茂名·茂名市。
10489,长江大学,荆州,荆州市,公办,本科,0,0,0,长江大学是教育部公布的普通高等学校（本科），位于荆州·荆州市。
13245,长江大学工程技术学院,荆州,荆州市,民办,本科,0,0,0,长江大学工程技术学院是教育部公布的普通高等学校（本科），位于荆州·荆州市。
13246,长江大学文理学院,荆州,荆州市,民办,本科,0,0,0,长江大学文理学院是教育部公布的普通高等学校（本科），位于荆州·荆州市。
11336,荆楚理工学院,荆门,荆门市,公办,本科,0,0,0,荆楚理工学院是教育部公布的普通高等学校（本科），位于荆门·荆门市。
11498,莆田学院,莆田,莆田市,公办,本科,0,0,0,莆田学院是教育部公布的普通高等学校（本科），位于莆田·莆田市。
10455,菏泽学院,菏泽,菏泽市,公办,本科,0,0,0,菏泽学院是教育部公布的普通高等学校（本科），位于菏泽·菏泽市。
10895,萍乡学院,萍乡,萍乡市,公办,本科,0,0,0,萍乡学院是教育部公布的普通高等学校（本科），位于萍乡·萍乡市。
14435,营口理工学院,营口,营口市,公办,本科,0,0,0,营口理工学院是教育部公布的普通高等学校（本科），位于营口·营口市。
13900,辽宁财贸学院,葫芦岛,葫芦岛市,民办,本科,0,0,0,辽宁财贸学院是教育部公布的普通高等学校（本科），位于葫芦岛·葫芦岛市。
10378,安徽财经大学,蚌埠,蚌埠市,公办,本科,0,0,0,安徽财经大学是教育部公布的普通高等学校（本科），位于蚌埠·蚌埠市。
13611,安徽财经大学商学院,蚌埠,蚌埠市,民办,本科,0,0,0,安徽财经大学商学院是教育部公布的普通高等学校（本科），位于蚌埠·蚌埠市。
10367,蚌埠医学院,蚌埠,蚌埠市,公办,本科,0,0,0,蚌埠医学院是教育部公布的普通高等学校（本科），位于蚌埠·蚌埠市。
11305,蚌埠学院,蚌埠,蚌埠市,公办,本科,0,0,0,蚌埠学院是教育部公布的普通高等学校（本科），位于蚌埠·蚌埠市。
10101,衡水学院,衡水,衡水市,公办,本科,0,0,0,衡水学院是教育部公布的普通高等学校（本科），位于衡水·衡水市。
10555,南华大学,衡阳,衡阳市,公办,本科,0,0,0,南华大学是教育部公布的普通高等学校（本科），位于衡阳·衡阳市。
12650,南华大学船山学院,衡阳,衡阳市,民办,本科,0,0,0,南华大学船山学院是教育部公布的普通高等学校（本科），位于衡阳·衡阳市。
13924,湖南交通工程学院,衡阳,衡阳市,民办,本科,0,0,0,湖南交通工程学院是教育部公布的普通高等学校（本科），位于衡阳·衡阳市。
11528,湖南工学院,衡阳,衡阳市,公办,本科,0,0,0,湖南工学院是教育部公布的普通高等学校（本科），位于衡阳·衡阳市。
10546,衡阳师范学院,衡阳,衡阳市,公办,本科,0,0,0,衡阳师范学院是教育部公布的普通高等学校（本科），位于衡阳·衡阳市。
12659,衡阳师范学院南岳学院,衡阳,衡阳市,民办,本科,0,0,0,衡阳师范学院南岳学院是教育部公布的普通高等学校（本科），位于衡阳·衡阳市。
11488,衢州学院,衢州,衢州市,公办,本科,0,0,0,衢州学院是教育部公布的普通高等学校（本科），位于衢州·衢州市。
10519,湖北文理学院,襄阳,襄阳市,公办,本科,0,0,0,湖北文理学院是教育部公布的普通高等学校（本科），位于襄阳·襄阳市。
13257,湖北文理学院理工学院,襄阳,襄阳市,民办,本科,0,0,0,湖北文理学院理工学院是教育部公布的普通高等学校（本科），位于襄阳·襄阳市。
10743,青海大学,西宁,西宁市,公办,本科,1,1,1,青海大学是教育部公布的普通高等学校（本科），位于西宁·西宁市。
13674,青海大学昆仑学院,西宁,西宁市,民办,本科,0,0,0,青海大学昆仑学院是教育部公布的普通高等学校（本科），位于西宁·西宁市。
10746,青海师范大学,西宁,西宁市,公办,本科,0,0,0,青海师范大学是教育部公布的普通高等学校（本科），位于西宁·西宁市。
10748,青海民族大学,西宁,西宁市,公办,本科,0,0,0,青海民族大学是教育部公布的普通高等学校（本科），位于西宁·西宁市。
13683,延安大学西安创新学院,西安,西安市,民办,本科,0,0,0,延安大学西安创新学院是教育部公布的普通高等学校（本科），位于西安·西安市。
12715,西京学院,西安,西安市,民办,本科,0,0,0,西京学院是教育部公布的普通高等学校（本科），位于西安·西安市。
10697,西北大学,西安,西安市,公办,本科,0,1,1,西北大学是教育部公布的普通高等学校（本科），位于西安·西安市。
13678,西北大学现代学院,西安,西安市,民办,本科,0,0,0,西北大学现代学院是教育部公布的普通高等学校（本科），位于西安·西安市。
10699,西北工业大学,西安,西安市,公办,本科,1,1,1,西北工业大学是教育部公布的普通高等学校（本科），位于西安·西安市。
13894,西北工业大学明德学院,西安,西安市,民办,本科,0,0,0,西北工业大学明德学院是教育部公布的普通高等学校（本科），位于西安·西安市。
10726,西北政法大学,西安,西安市,公办,本科,0,0,0,西北政法大学是教育部公布的普通高等学校（本科），位于西安·西安市。
10698,西安交通大学,西安,西安市,公办,本科,1,1,1,西安交通大学是教育部公布的普通高等学校（本科），位于西安·西安市。
13677,西安交通大学城市学院,西安,西安市,民办,本科,0,0,0,西安交通大学城市学院是教育部公布的普通高等学校（本科），位于西安·西安市。
13569,西安交通工程学院,西安,西安市,民办,本科,0,0,0,西安交通工程学院是教育部公布的普通高等学校（本科），位于西安·西安市。
10727,西安体育学院,西安,西安市,公办,本科,0,0,0,西安体育学院是教育部公布的普通高等学校（本科），位于西安·西安市。
11840,西安医学院,西安,西安市,公办,本科,0,0,0,西安医学院是教育部公布的普通高等学校（本科），位于西安·西安市。
11400,西安培华学院,西安,西安市,民办,本科,0,0,0,西安培华学院是教育部公布的普通高等学校（本科），位于西安·西安市。
12713,西安外事学院,西安,西安市,民办,本科,0,0,0,西安外事学院是教育部公布的普通高等学校（本科），位于西安·西安市。
10724,西安外国语大学,西安,西安市,公办,本科,0,0,0,西安外国语大学是教育部公布的普通高等学校（本科），位于西安·西安市。
10702,西安工业大学,西安,西安市,公办,本科,0,0,0,西安工业大学是教育部公布的普通高等学校（本科），位于西安·西安市。
13682,西安工业大学北方信息工程学院,西安,西安市,民办,本科,0,0,0,西安工业大学北方信息工程学院是教育部公布的普通高等学校（本科），位于西安·西安市。
10709,西安工程大学,西安,西安市,公办,本科,0,0,0,西安工程大学是教育部公布的普通高等学校（本科），位于西安·西安市。
10703,西安建筑科技大学,西安,西安市,公办,本科,0,0,0,西安建筑科技大学是教育部公布的普通高等学校（本科），位于西安·西安市。
13679,西安建筑科技大学华清学院,西安,西安市,民办,本科,0,0,0,西安建筑科技大学华清学院是教育部公布的普通高等学校（本科），位于西安·西安市。
13121,西安思源学院,西安,西安市,民办,本科,0,0,0,西安思源学院是教育部公布的普通高等学校（本科），位于西安·西安市。
11080,西安文理学院,西安,西安市,公办,本科,0,0,0,西安文理学院是教育部公布的普通高等学校（本科），位于西安·西安市。
12712,西安欧亚学院,西安,西安市,民办,本科,0,0,0,西安欧亚学院是教育部公布的普通高等学校（本科），位于西安·西安市。
10700,西安理工大学,西安,西安市,公办,本科,0,0,0,西安理工大学是教育部公布的普通高等学校（本科），位于西安·西安市。
14041,西安理工大学高科学院,西安,西安市,民办,本科,0,0,0,西安理工大学高科学院是教育部公布的普通高等学校（本科），位于西安·西安市。
10701,西安电子科技大学,西安,西安市,公办,本科,0,1,1,西安电子科技大学是教育部公布的普通高等学校（本科），位于西安·西安市。
13685,西安电子科技大学长安学院,西安,西安市,民办,本科,0,0,0,西安电子科技大学长安学院是教育部公布的普通高等学校（本科），位于西安·西安市。
10705,西安石油大学,西安,西安市,公办,本科,0,0,0,西安石油大学是教育部公布的普通高等学校（本科），位于西安·西安市。
10704,西安科技大学,西安,西安市,公办,本科,0,0,0,西安科技大学是教育部公布的普通高等学校（本科），位于西安·西安市。
14042,西安科技大学高新学院,西安,西安市,民办,本科,0,0,0,西安科技大学高新学院是教育部公布的普通高等学校（本科），位于西安·西安市。
10729,西安美术学院,西安,西安市,公办,本科,0,0,0,西安美术学院是教育部公布的普通高等学校（本科），位于西安·西安市。
12714,西安翻译学院,西安,西安市,民办,本科,0,0,0,西安翻译学院是教育部公布的普通高等学校（本科），位于西安·西安市。
11736,西安航空学院,西安,西安市,公办,本科,0,0,0,西安航空学院是教育部公布的普通高等学校（本科），位于西安·西安市。
11560,西安财经学院,西安,西安市,公办,本科,0,0,0,西安财经学院是教育部公布的普通高等学校（本科），位于西安·西安市。
13680,西安财经学院行知学院,西安,西安市,民办,本科,0,0,0,西安财经学院行知学院是教育部公布的普通高等学校（本科），位于西安·西安市。
11664,西安邮电大学,西安,西安市,公办,本科,0,0,0,西安邮电大学是教育部公布的普通高等学校（本科），位于西安·西安市。
10728,西安音乐学院,西安,西安市,公办,本科,0,0,0,西安音乐学院是教育部公布的普通高等学校（本科），位于西安·西安市。
10710,长安大学,西安,西安市,公办,本科,0,1,1,长安大学是教育部公布的普通高等学校（本科），位于西安·西安市。
14034,长安大学兴华学院,西安,西安市,民办,本科,0,0,0,长安大学兴华学院是教育部公布的普通高等学校（本科），位于西安·西安市。
14390,陕西学前师范学院,西安,西安市,公办,本科,0,0,0,陕西学前师范学院是教育部公布的普通高等学校（本科），位于西安·西安市。
10718,陕西师范大学,西安,西安市,公办,本科,0,1,1,陕西师范大学是教育部公布的普通高等学校（本科），位于西安·西安市。
10708,陕西科技大学,西安,西安市,公办,本科,0,0,0,陕西科技大学是教育部公布的普通高等学校（本科），位于西安·西安市。
10480,许昌学院,许昌,许昌市,公办,本科,0,0,0,许昌学院是教育部公布的普通高等学校（本科），位于许昌·许昌市。
10660,贵州医科大学,贵阳,贵阳市,公办,本科,0,0,0,贵州医科大学是教育部公布的普通高等学校（本科），位于贵阳·贵阳市。
13676,贵州医科大学神奇民族医药学院,贵阳,贵阳市,民办,本科,0,0,0,贵州医科大学神奇民族医药学院是教育部公布的普通高等学校（本科），位于贵阳·贵阳市。
11731,贵州商学院,贵阳,贵阳市,公办,本科,0,0,0,贵州商学院是教育部公布的普通高等学校（本科），位于贵阳·贵阳市。
10657,贵州大学,贵阳,贵阳市,公办,本科,1,1,1,贵州大学是教育部公布的普通高等学校（本科），位于贵阳·贵阳市。
13650,贵州大学明德学院,贵阳,贵阳市,民办,本科,0,0,0,贵州大学明德学院是教育部公布的普通高等学校（本科），位于贵阳·贵阳市。
13649,贵州大学科技学院,贵阳,贵阳市,民办,本科,0,0,0,贵州大学科技学院是教育部公布的普通高等学校（本科），位于贵阳·贵阳市。
10663,贵州师范大学,贵阳,贵阳市,公办,本科,0,0,0,贵州师范大学是教育部公布的普通高等学校（本科），位于贵阳·贵阳市。
13652,贵州师范大学求是学院,贵阳,贵阳市,民办,本科,0,0,0,贵州师范大学求是学院是教育部公布的普通高等学校（本科），位于贵阳·贵阳市。
14223,贵州师范学院,贵阳,贵阳市,公办,本科,0,0,0,贵州师范学院是教育部公布的普通高等学校（本科），位于贵阳·贵阳市。
10672,贵州民族大学,贵阳,贵阳市,公办,本科,0,0,0,贵州民族大学是教育部公布的普通高等学校（本科），位于贵阳·贵阳市。
13651,贵州民族大学人文科技学院,贵阳,贵阳市,民办,本科,0,0,0,贵州民族大学人文科技学院是教育部公布的普通高等学校（本科），位于贵阳·贵阳市。
14440,贵州理工学院,贵阳,贵阳市,公办,本科,0,0,0,贵州理工学院是教育部公布的普通高等学校（本科），位于贵阳·贵阳市。
12107,贵州警察学院,贵阳,贵阳市,公办,本科,0,0,0,贵州警察学院是教育部公布的普通高等学校（本科），位于贵阳·贵阳市。
10671,贵州财经大学,贵阳,贵阳市,公办,本科,0,0,0,贵州财经大学是教育部公布的普通高等学校（本科），位于贵阳·贵阳市。
13648,贵州财经大学商务学院,贵阳,贵阳市,民办,本科,0,0,0,贵州财经大学商务学院是教育部公布的普通高等学校（本科），位于贵阳·贵阳市。
10662,贵阳中医学院,贵阳,贵阳市,公办,本科,0,0,0,贵阳中医学院是教育部公布的普通高等学校（本科），位于贵阳·贵阳市。
13647,贵阳中医学院时珍学院,贵阳,贵阳市,民办,本科,0,0,0,贵阳中医学院时珍学院是教育部公布的普通高等学校（本科），位于贵阳·贵阳市。
10976,贵阳学院,贵阳,贵阳市,公办,本科,0,0,0,贵阳学院是教育部公布的普通高等学校（本科），位于贵阳·贵阳市。
11838,贺州学院,贺州,贺州市,公办,本科,0,0,0,贺州学院是教育部公布的普通高等学校（本科），位于贺州·贺州市。
10407,江西理工大学,赣州,赣州市,公办,本科,0,0,0,江西理工大学是教育部公布的普通高等学校（本科），位于赣州·赣州市。
13434,江西理工大学应用科学学院,赣州,赣州市,民办,本科,0,0,0,江西理工大学应用科学学院是教育部公布的普通高等学校（本科），位于赣州·赣州市。
10413,赣南医学院,赣州,赣州市,公办,本科,0,0,0,赣南医学院是教育部公布的普通高等学校（本科），位于赣州·赣州市。
10418,赣南师范大学,赣州,赣州市,公办,本科,0,0,0,赣南师范大学是教育部公布的普通高等学校（本科），位于赣州·赣州市。
13439,赣南师范大学科技学院,赣州,赣州市,民办,本科,0,0,0,赣南师范大学科技学院是教育部公布的普通高等学校（本科），位于赣州·赣州市。
10138,赤峰学院,赤峰,赤峰市,公办,本科,0,0,0,赤峰学院是教育部公布的普通高等学校（本科），位于赤峰·赤峰市。
13199,沈阳工业大学工程学院,辽阳,辽阳市,民办,本科,0,0,0,沈阳工业大学工程学院是教育部公布的普通高等学校（本科），位于辽阳·辽阳市。
10644,四川文理学院,达州,达州市,公办,本科,0,0,0,四川文理学院是教育部公布的普通高等学校（本科），位于达州·达州市。
10123,运城学院,运城,运城市,公办,本科,0,0,0,运城学院是教育部公布的普通高等学校（本科），位于运城·运城市。
13980,南京医科大学康达学院,连云港,连云港市,民办,本科,0,0,0,南京医科大学康达学院是教育部公布的普通高等学校（本科），位于连云港·连云港市。
11641,淮海工学院,连云港,连云港市,公办,本科,0,0,0,淮海工学院是教育部公布的普通高等学校（本科），位于连云港·连云港市。
10202,通化师范学院,通化,通化市,公办,本科,0,0,0,通化师范学院是教育部公布的普通高等学校（本科），位于通化·通化市。
10136,内蒙古民族大学,通辽,通辽市,公办,本科,0,0,0,内蒙古民族大学是教育部公布的普通高等学校（本科），位于通辽·通辽市。
14625,茅台学院,遵义,遵义市,民办,本科,0,0,0,茅台学院是教育部公布的普通高等学校（本科），位于遵义·遵义市。
10661,遵义医学院,遵义,遵义市,公办,本科,0,0,0,遵义医学院是教育部公布的普通高等学校（本科），位于遵义·遵义市。
13653,遵义医学院医学与科技学院,遵义,遵义市,民办,本科,0,0,0,遵义医学院医学与科技学院是教育部公布的普通高等学校（本科），位于遵义·遵义市。
10664,遵义师范学院,遵义,遵义市,公办,本科,0,0,0,遵义师范学院是教育部公布的普通高等学校（本科），位于遵义·遵义市。
10104,邢台学院,邢台,邢台市,公办,本科,0,0,0,邢台学院是教育部公布的普通高等学校（本科），位于邢台·邢台市。
10076,河北工程大学,邯郸,邯郸市,公办,本科,0,0,0,河北工程大学是教育部公布的普通高等学校（本科），位于邯郸·邯郸市。
13578,河北工程大学科信学院,邯郸,邯郸市,民办,本科,0,0,0,河北工程大学科信学院是教育部公布的普通高等学校（本科），位于邯郸·邯郸市。
10103,邯郸学院,邯郸,邯郸市,公办,本科,0,0,0,邯郸学院是教育部公布的普通高等学校（本科），位于邯郸·邯郸市。
10547,邵阳学院,邵阳,邵阳市,公办,本科,0,0,0,邵阳学院是教育部公布的普通高等学校（本科），位于邵阳·邵阳市。
10465,中原工学院,郑州,郑州市,公办,本科,0,0,0,中原工学院是教育部公布的普通高等学校（本科），位于郑州·郑州市。
13508,中原工学院信息商务学院,郑州,郑州市,民办,本科,0,0,0,中原工学院信息商务学院是教育部公布的普通高等学校（本科），位于郑州·郑州市。
10078,华北水利水电大学,郑州,郑州市,公办,本科,0,0,0,华北水利水电大学是教育部公布的普通高等学校（本科），位于郑州·郑州市。
10471,河南中医药大学,郑州,郑州市,公办,本科,0,0,0,河南中医药大学是教育部公布的普通高等学校（本科），位于郑州·郑州市。
10466,河南农业大学,郑州,郑州市,公办,本科,0,0,0,河南农业大学是教育部公布的普通高等学校（本科），位于郑州·郑州市。
10463,河南工业大学,郑州,郑州市,公办,本科,0,0,0,河南工业大学是教育部公布的普通高等学校（本科），位于郑州·郑州市。
11517,河南工程学院,郑州,郑州市,公办,本科,0,0,0,河南工程学院是教育部公布的普通高等学校（本科），位于郑州·郑州市。
13502,河南师范大学新联学院,郑州,郑州市,民办,本科,0,0,0,河南师范大学新联学院是教育部公布的普通高等学校（本科），位于郑州·郑州市。
10469,河南牧业经济学院,郑州,郑州市,公办,本科,0,0,0,河南牧业经济学院是教育部公布的普通高等学校（本科），位于郑州·郑州市。
11788,河南警察学院,郑州,郑州市,公办,本科,0,0,0,河南警察学院是教育部公布的普通高等学校（本科），位于郑州·郑州市。
11652,河南财政金融学院,郑州,郑州市,公办,本科,0,0,0,河南财政金融学院是教育部公布的普通高等学校（本科），位于郑州·郑州市。
10484,河南财经政法大学,郑州,郑州市,公办,本科,0,0,0,河南财经政法大学是教育部公布的普通高等学校（本科），位于郑州·郑州市。
14333,郑州升达经贸管理学院,郑州,郑州市,民办,本科,0,0,0,郑州升达经贸管理学院是教育部公布的普通高等学校（本科），位于郑州·郑州市。
10459,郑州大学,郑州,郑州市,公办,本科,1,1,1,郑州大学是教育部公布的普通高等学校（本科），位于郑州·郑州市。
12747,郑州工业应用技术学院,郑州,郑州市,民办,本科,0,0,0,郑州工业应用技术学院是教育部公布的普通高等学校（本科），位于郑州·郑州市。
13507,郑州工商学院,郑州,郑州市,民办,本科,0,0,0,郑州工商学院是教育部公布的普通高等学校（本科），位于郑州·郑州市。
11068,郑州工程技术学院,郑州,郑州市,公办,本科,0,0,0,郑州工程技术学院是教育部公布的普通高等学校（本科），位于郑州·郑州市。
12949,郑州师范学院,郑州,郑州市,公办,本科,0,0,0,郑州师范学院是教育部公布的普通高等学校（本科），位于郑州·郑州市。
14040,郑州成功财经学院,郑州,郑州市,民办,本科,0,0,0,郑州成功财经学院是教育部公布的普通高等学校（本科），位于郑州·郑州市。
12746,郑州科技学院,郑州,郑州市,民办,本科,0,0,0,郑州科技学院是教育部公布的普通高等学校（本科），位于郑州·郑州市。
10485,郑州航空工业管理学院,郑州,郑州市,公办,本科,0,0,0,郑州航空工业管理学院是教育部公布的普通高等学校（本科），位于郑州·郑州市。
13497,郑州财经学院,郑州,郑州市,民办,本科,0,0,0,郑州财经学院是教育部公布的普通高等学校（本科），位于郑州·郑州市。
10462,郑州轻工业学院,郑州,郑州市,公办,本科,0,0,0,郑州轻工业学院是教育部公布的普通高等学校（本科），位于郑州·郑州市。
12735,铁道警察学院,郑州,郑州市,公办,本科,0,0,0,铁道警察学院是教育部公布的普通高等学校（本科），位于郑州·郑州市。
11834,黄河科技学院,郑州,郑州市,民办,本科,0,0,0,黄河科技学院是教育部公布的普通高等学校（本科），位于郑州·郑州市。
10545,湘南学院,郴州,郴州市,公办,本科,0,0,0,湘南学院是教育部公布的普通高等学校（本科），位于郴州·郴州市。
14532,鄂尔多斯应用技术学院,鄂尔多斯,鄂尔多斯市,公办,本科,0,0,0,鄂尔多斯应用技术学院是教育部公布的普通高等学校（本科），位于鄂尔多斯·鄂尔多斯市。
10650,四川外国语大学,重庆,重庆市,公办,本科,0,0,0,四川外国语大学是教育部公布的普通高等学校（本科），位于重庆·重庆市。
13588,四川外国语大学重庆南方翻译学院,重庆,重庆市,民办,本科,0,0,0,四川外国语大学重庆南方翻译学院是教育部公布的普通高等学校（本科），位于重庆·重庆市。
10655,四川美术学院,重庆,重庆市,公办,本科,0,0,0,四川美术学院是教育部公布的普通高等学校（本科），位于重庆·重庆市。
10635,西南大学,重庆,重庆市,公办,本科,0,1,1,西南大学是教育部公布的普通高等学校（本科），位于重庆·重庆市。
10652,西南政法大学,重庆,重庆市,公办,本科,0,0,0,西南政法大学是教育部公布的普通高等学校（本科），位于重庆·重庆市。
10643,重庆三峡学院,重庆,重庆市,公办,本科,0,0,0,重庆三峡学院是教育部公布的普通高等学校（本科），位于重庆·重庆市。
10618,重庆交通大学,重庆,重庆市,公办,本科,0,0,0,重庆交通大学是教育部公布的普通高等学校（本科），位于重庆·重庆市。
13548,重庆人文科技学院,重庆,重庆市,民办,本科,0,0,0,重庆人文科技学院是教育部公布的普通高等学校（本科），位于重庆·重庆市。
10631,重庆医科大学,重庆,重庆市,公办,本科,0,0,0,重庆医科大学是教育部公布的普通高等学校（本科），位于重庆·重庆市。
10611,重庆大学,重庆,重庆市,公办,本科,1,1,1,重庆大学是教育部公布的普通高等学校（本科），位于重庆·重庆市。
12616,重庆大学城市科技学院,重庆,重庆市,民办,本科,0,0,0,重庆大学城市科技学院是教育部公布的普通高等学校（本科），位于重庆·重庆市。
11799,重庆工商大学,重庆,重庆市,公办,本科,0,0,0,重庆工商大学是教育部公布的普通高等学校（本科），位于重庆·重庆市。
13591,重庆工商大学派斯学院,重庆,重庆市,民办,本科,0,0,0,重庆工商大学派斯学院是教育部公布的普通高等学校（本科），位于重庆·重庆市。
13590,重庆工商大学融智学院,重庆,重庆市,民办,本科,0,0,0,重庆工商大学融智学院是教育部公布的普通高等学校（本科），位于重庆·重庆市。
12608,重庆工程学院,重庆,重庆市,民办,本科,0,0,0,重庆工程学院是教育部公布的普通高等学校（本科），位于重庆·重庆市。
10637,重庆师范大学,重庆,重庆市,公办,本科,0,0,0,重庆师范大学是教育部公布的普通高等学校（本科），位于重庆·重庆市。
13589,重庆师范大学涉外商贸学院,重庆,重庆市,民办,本科,0,0,0,重庆师范大学涉外商贸学院是教育部公布的普通高等学校（本科），位于重庆·重庆市。
10642,重庆文理学院,重庆,重庆市,公办,本科,0,0,0,重庆文理学院是教育部公布的普通高等学校（本科），位于重庆·重庆市。
11660,重庆理工大学,重庆,重庆市,公办,本科,0,0,0,重庆理工大学是教育部公布的普通高等学校（本科），位于重庆·重庆市。
11551,重庆科技学院,重庆,重庆市,公办,本科,0,0,0,重庆科技学院是教育部公布的普通高等学校（本科），位于重庆·重庆市。
14388,重庆第二师范学院,重庆,重庆市,公办,本科,0,0,0,重庆第二师范学院是教育部公布的普通高等学校（本科），位于重庆·重庆市。
12757,重庆警察学院,重庆,重庆市,公办,本科,0,0,0,重庆警察学院是教育部公布的普通高等学校（本科），位于重庆·重庆市。
10617,重庆邮电大学,重庆,重庆市,公办,本科,0,0,0,重庆邮电大学是教育部公布的普通高等学校（本科），位于重庆·重庆市。
13627,重庆邮电大学移通学院,重庆,重庆市,民办,本科,0,0,0,重庆邮电大学移通学院是教育部公布的普通高等学校（本科），位于重庆·重庆市。
10647,长江师范学院,重庆,重庆市,公办,本科,0,0,0,长江师范学院是教育部公布的普通高等学校（本科），位于重庆·重庆市。
14207,上海财经大学浙江学院,金华,金华市,民办,本科,0,0,0,上海财经大学浙江学院是教育部公布的普通高等学校（本科），位于金华·金华市。
10345,浙江师范大学,金华,金华市,公办,本科,0,0,0,浙江师范大学是教育部公布的普通高等学校（本科），位于金华·金华市。
13276,浙江师范大学行知学院,金华,金华市,民办,本科,0,0,0,浙江师范大学行知学院是教育部公布的普通高等学校（本科），位于金华·金华市。
11607,钦州学院,钦州,钦州市,公办,本科,0,0,0,钦州学院是教育部公布的普通高等学校（本科），位于钦州·钦州市。
10665,铜仁学院,铜仁,铜仁市,公办,本科,0,0,0,铜仁学院是教育部公布的普通高等学校（本科），位于铜仁·铜仁市。
10383,铜陵学院,铜陵,铜陵市,公办,本科,0,0,0,铜陵学院是教育部公布的普通高等学校（本科），位于铜陵·铜陵市。
14200,中国矿业大学银川学院,银川,银川市,民办,本科,0,0,0,中国矿业大学银川学院是教育部公布的普通高等学校（本科），位于银川·银川市。
11407,北方民族大学,银川,银川市,公办,本科,0,0,0,北方民族大学是教育部公布的普通高等学校（本科），位于银川·银川市。
10752,宁夏医科大学,银川,银川市,公办,本科,0,0,0,宁夏医科大学是教育部公布的普通高等学校（本科），位于银川·银川市。
10749,宁夏大学,银川,银川市,公办,本科,1,1,1,宁夏大学是教育部公布的普通高等学校（本科），位于银川·银川市。
13325,宁夏大学新华学院,银川,银川市,民办,本科,0,0,0,宁夏大学新华学院是教育部公布的普通高等学校（本科），位于银川·银川市。
13820,银川能源学院,银川,银川市,民办,本科,0,0,0,银川能源学院是教育部公布的普通高等学校（本科），位于银川·银川市。
10167,渤海大学,锦州,锦州市,公办,本科,0,0,0,渤海大学是教育部公布的普通高等学校（本科），位于锦州·锦州市。
10154,辽宁工业大学,锦州,锦州市,公办,本科,0,0,0,辽宁工业大学是教育部公布的普通高等学校（本科），位于锦州·锦州市。
13217,辽宁理工学院,锦州,锦州市,民办,本科,0,0,0,辽宁理工学院是教育部公布的普通高等学校（本科），位于锦州·锦州市。
10160,锦州医科大学,锦州,锦州市,公办,本科,0,0,0,锦州医科大学是教育部公布的普通高等学校（本科），位于锦州·锦州市。
13213,锦州医科大学医疗学院,锦州,锦州市,民办,本科,0,0,0,锦州医科大学医疗学院是教育部公布的普通高等学校（本科），位于锦州·锦州市。
13990,南京财经大学红山学院,镇江,镇江市,民办,本科,0,0,0,南京财经大学红山学院是教育部公布的普通高等学校（本科），位于镇江·镇江市。
10299,江苏大学,镇江,镇江市,公办,本科,0,0,0,江苏大学是教育部公布的普通高等学校（本科），位于镇江·镇江市。
13986,江苏大学京江学院,镇江,镇江市,民办,本科,0,0,0,江苏大学京江学院是教育部公布的普通高等学校（本科），位于镇江·镇江市。
10289,江苏科技大学,镇江,镇江市,公办,本科,0,0,0,江苏科技大学是教育部公布的普通高等学校（本科），位于镇江·镇江市。
10200,东北师范大学,长春,长春市,公办,本科,0,1,1,东北师范大学是教育部公布的普通高等学校（本科），位于长春·长春市。
13662,东北师范大学人文学院,长春,长春市,民办,本科,0,0,0,东北师范大学人文学院是教育部公布的普通高等学校（本科），位于长春·长春市。
10208,吉林体育学院,长春,长春市,公办,本科,0,0,0,吉林体育学院是教育部公布的普通高等学校（本科），位于长春·长春市。
10193,吉林农业大学,长春,长春市,公办,本科,0,0,0,吉林农业大学是教育部公布的普通高等学校（本科），位于长春·长春市。
13607,吉林动画学院,长春,长春市,民办,本科,0,0,0,吉林动画学院是教育部公布的普通高等学校（本科），位于长春·长春市。
10964,吉林华桥外国语学院,长春,长春市,民办,本科,0,0,0,吉林华桥外国语学院是教育部公布的普通高等学校（本科），位于长春·长春市。
10183,吉林大学,长春,长春市,公办,本科,1,1,1,吉林大学是教育部公布的普通高等学校（本科），位于长春·长春市。
11261,吉林工商学院,长春,长春市,公办,本科,0,0,0,吉林工商学院是教育部公布的普通高等学校（本科），位于长春·长春市。
10204,吉林工程技术师范学院,长春,长春市,公办,本科,0,0,0,吉林工程技术师范学院是教育部公布的普通高等学校（本科），位于长春·长春市。
10191,吉林建筑大学,长春,长春市,公办,本科,0,0,0,吉林建筑大学是教育部公布的普通高等学校（本科），位于长春·长春市。
13604,吉林建筑大学城建学院,长春,长春市,民办,本科,0,0,0,吉林建筑大学城建学院是教育部公布的普通高等学校（本科），位于长春·长春市。
10209,吉林艺术学院,长春,长春市,公办,本科,0,0,0,吉林艺术学院是教育部公布的普通高等学校（本科），位于长春·长春市。
11441,吉林警察学院,长春,长春市,公办,本科,0,0,0,吉林警察学院是教育部公布的普通高等学校（本科），位于长春·长春市。
10207,吉林财经大学,长春,长春市,公办,本科,0,0,0,吉林财经大学是教育部公布的普通高等学校（本科），位于长春·长春市。
10199,长春中医药大学,长春,长春市,公办,本科,0,0,0,长春中医药大学是教育部公布的普通高等学校（本科），位于长春·长春市。
13600,长春光华学院,长春,长春市,民办,本科,0,0,0,长春光华学院是教育部公布的普通高等学校（本科），位于长春·长春市。
11726,长春大学,长春,长春市,公办,本科,0,0,0,长春大学是教育部公布的普通高等学校（本科），位于长春·长春市。
13623,长春大学旅游学院,长春,长春市,民办,本科,0,0,0,长春大学旅游学院是教育部公布的普通高等学校（本科），位于长春·长春市。
10190,长春工业大学,长春,长春市,公办,本科,0,0,0,长春工业大学是教育部公布的普通高等学校（本科），位于长春·长春市。
13601,长春工业大学人文信息学院,长春,长春市,民办,本科,0,0,0,长春工业大学人文信息学院是教育部公布的普通高等学校（本科），位于长春·长春市。
11437,长春工程学院,长春,长春市,公办,本科,0,0,0,长春工程学院是教育部公布的普通高等学校（本科），位于长春·长春市。
10205,长春师范大学,长春,长春市,公办,本科,0,0,0,长春师范大学是教育部公布的普通高等学校（本科），位于长春·长春市。
13605,长春建筑学院,长春,长春市,民办,本科,0,0,0,长春建筑学院是教育部公布的普通高等学校（本科），位于长春·长春市。
10186,长春理工大学,长春,长春市,公办,本科,0,0,0,长春理工大学是教育部公布的普通高等学校（本科），位于长春·长春市。
13602,长春理工大学光电信息学院,长春,长春市,民办,本科,0,0,0,长春理工大学光电信息学院是教育部公布的普通高等学校（本科），位于长春·长春市。
13606,长春科技学院,长春,长春市,民办,本科,0,0,0,长春科技学院是教育部公布的普通高等学校（本科），位于长春·长春市。
13603,长春财经学院,长春,长春市,民办,本科,0,0,0,长春财经学院是教育部公布的普通高等学校（本科），位于长春·长春市。
10533,中南大学,长沙,长沙市,公办,本科,1,1,1,中南大学是教育部公布的普通高等学校（本科），位于长沙·长沙市。
10538,中南林业科技大学,长沙,长沙市,公办,本科,0,0,0,中南林业科技大学是教育部公布的普通高等学校（本科），位于长沙·长沙市。
12656,中南林业科技大学涉外学院,长沙,长沙市,民办,本科,0,0,0,中南林业科技大学涉外学院是教育部公布的普通高等学校（本科），位于长沙·长沙市。
10541,湖南中医药大学,长沙,长沙市,公办,本科,0,0,0,湖南中医药大学是教育部公布的普通高等学校（本科），位于长沙·长沙市。
12661,湖南中医药大学湘杏学院,长沙,长沙市,民办,本科,0,0,0,湖南中医药大学湘杏学院是教育部公布的普通高等学校（本科），位于长沙·长沙市。
13836,湖南信息学院,长沙,长沙市,民办,本科,0,0,0,湖南信息学院是教育部公布的普通高等学校（本科），位于长沙·长沙市。
10537,湖南农业大学,长沙,长沙市,公办,本科,0,0,0,湖南农业大学是教育部公布的普通高等学校（本科），位于长沙·长沙市。
12653,湖南农业大学东方科技学院,长沙,长沙市,民办,本科,0,0,0,湖南农业大学东方科技学院是教育部公布的普通高等学校（本科），位于长沙·长沙市。
10554,湖南商学院,长沙,长沙市,公办,本科,0,0,0,湖南商学院是教育部公布的普通高等学校（本科），位于长沙·长沙市。
12651,湖南商学院北津学院,长沙,长沙市,民办,本科,0,0,0,湖南商学院北津学院是教育部公布的普通高等学校（本科），位于长沙·长沙市。
10532,湖南大学,长沙,长沙市,公办,本科,1,1,1,湖南大学是教育部公布的普通高等学校（本科），位于长沙·长沙市。
11538,湖南女子学院,长沙,长沙市,公办,本科,0,0,0,湖南女子学院是教育部公布的普通高等学校（本科），位于长沙·长沙市。
10542,湖南师范大学,长沙,长沙市,公办,本科,0,1,1,湖南师范大学是教育部公布的普通高等学校（本科），位于长沙·长沙市。
12652,湖南师范大学树达学院,长沙,长沙市,民办,本科,0,0,0,湖南师范大学树达学院是教育部公布的普通高等学校（本科），位于长沙·长沙市。
12303,湖南涉外经济学院,长沙,长沙市,民办,本科,0,0,0,湖南涉外经济学院是教育部公布的普通高等学校（本科），位于长沙·长沙市。
12034,湖南第一师范学院,长沙,长沙市,公办,本科,0,0,0,湖南第一师范学院是教育部公布的普通高等学校（本科），位于长沙·长沙市。
11534,湖南警察学院,长沙,长沙市,公办,本科,0,0,0,湖南警察学院是教育部公布的普通高等学校（本科），位于长沙·长沙市。
11532,湖南财政经济学院,长沙,长沙市,公办,本科,0,0,0,湖南财政经济学院是教育部公布的普通高等学校（本科），位于长沙·长沙市。
10823,长沙医学院,长沙,长沙市,民办,本科,0,0,0,长沙医学院是教育部公布的普通高等学校（本科），位于长沙·长沙市。
11077,长沙学院,长沙,长沙市,公办,本科,0,0,0,长沙学院是教育部公布的普通高等学校（本科），位于长沙·长沙市。
13806,长沙师范学院,长沙,长沙市,公办,本科,0,0,0,长沙师范学院是教育部公布的普通高等学校（本科），位于长沙·长沙市。
10536,长沙理工大学,长沙,长沙市,公办,本科,0,0,0,长沙理工大学是教育部公布的普通高等学校（本科），位于长沙·长沙市。
13635,长沙理工大学城南学院,长沙,长沙市,民办,本科,0,0,0,长沙理工大学城南学院是教育部公布的普通高等学校（本科），位于长沙·长沙市。
10117,长治医学院,长治,长治市,公办,本科,0,0,0,长治医学院是教育部公布的普通高等学校（本科），位于长治·长治市。
10122,长治学院,长治,长治市,公办,本科,0,0,0,长治学院是教育部公布的普通高等学校（本科），位于长治·长治市。
10147,辽宁工程技术大学,阜新,阜新市,公办,本科,0,0,0,辽宁工程技术大学是教育部公布的普通高等学校（本科），位于阜新·阜新市。
10371,阜阳师范学院,阜阳,阜阳市,公办,本科,0,0,0,阜阳师范学院是教育部公布的普通高等学校（本科），位于阜阳·阜阳市。
13619,阜阳师范学院信息工程学院,阜阳,阜阳市,民办,本科,0,0,0,阜阳师范学院信息工程学院是教育部公布的普通高等学校（本科），位于阜阳·阜阳市。
14527,山西工程技术学院,阳泉,阳泉市,公办,本科,0,0,0,山西工程技术学院是教育部公布的普通高等学校（本科），位于阳泉·阳泉市。
10646,阿坝师范学院,阿坝藏族羌族自治州,阿坝藏族羌族自治州,公办,本科,0,0,0,阿坝师范学院是教育部公布的普通高等学校（本科），位于阿坝藏族羌族自治州·阿坝藏族羌族自治州。
10757,塔里木大学,阿拉尔,阿拉尔市,公办,本科,0,0,0,塔里木大学是教育部公布的普通高等学校（本科），位于阿拉尔·阿拉尔市。
10626,四川农业大学,雅安,雅安市,公办,本科,0,1,1,四川农业大学是教育部公布的普通高等学校（本科），位于雅安·雅安市。
10423,中国海洋大学,青岛,青岛市,公办,本科,1,1,1,中国海洋大学是教育部公布的普通高等学校（本科），位于青岛·青岛市。
10425,中国石油大学（华东）,青岛,青岛市,公办,本科,0,0,0,中国石油大学（华东）是教育部公布的普通高等学校（本科），位于青岛·青岛市。
14327,北京电影学院现代创意媒体学院,青岛,青岛市,民办,本科,0,0,0,北京电影学院现代创意媒体学院是教育部公布的普通高等学校（本科），位于青岛·青岛市。
10424,山东科技大学,青岛,青岛市,公办,本科,0,0,0,山东科技大学是教育部公布的普通高等学校（本科），位于青岛·青岛市。
10435,青岛农业大学,青岛,青岛市,公办,本科,0,0,0,青岛农业大学是教育部公布的普通高等学校（本科），位于青岛·青岛市。
11065,青岛大学,青岛,青岛市,公办,本科,0,0,0,青岛大学是教育部公布的普通高等学校（本科），位于青岛·青岛市。
13995,青岛工学院,青岛,青岛市,民办,本科,0,0,0,青岛工学院是教育部公布的普通高等学校（本科），位于青岛·青岛市。
13015,青岛恒星科技学院,青岛,青岛市,民办,本科,0,0,0,青岛恒星科技学院是教育部公布的普通高等学校（本科），位于青岛·青岛市。
10868,青岛滨海学院,青岛,青岛市,民办,本科,0,0,0,青岛滨海学院是教育部公布的普通高等学校（本科），位于青岛·青岛市。
10429,青岛理工大学,青岛,青岛市,公办,本科,0,0,0,青岛理工大学是教育部公布的普通高等学校（本科），位于青岛·青岛市。
13378,青岛理工大学琴岛学院,青岛,青岛市,民办,本科,0,0,0,青岛理工大学琴岛学院是教育部公布的普通高等学校（本科），位于青岛·青岛市。
10426,青岛科技大学,青岛,青岛市,公办,本科,0,0,0,青岛科技大学是教育部公布的普通高等学校（本科），位于青岛·青岛市。
13320,青岛黄海学院,青岛,青岛市,民办,本科,0,0,0,青岛黄海学院是教育部公布的普通高等学校（本科），位于青岛·青岛市。
10146,辽宁科技大学,鞍山,鞍山市,公办,本科,0,0,0,辽宁科技大学是教育部公布的普通高等学校（本科），位于鞍山·鞍山市。
10169,鞍山师范学院,鞍山,鞍山市,公办,本科,0,0,0,鞍山师范学院是教育部公布的普通高等学校（本科），位于鞍山·鞍山市。
10576,韶关学院,韶关,韶关市,公办,本科,0,0,0,韶关学院是教育部公布的普通高等学校（本科），位于韶关·韶关市。
10360,安徽工业大学,马鞍山,马鞍山市,公办,本科,0,0,0,安徽工业大学是教育部公布的普通高等学校（本科），位于马鞍山·马鞍山市。
13614,安徽工业大学工商学院,马鞍山,马鞍山市,民办,本科,0,0,0,安徽工业大学工商学院是教育部公布的普通高等学校（本科），位于马鞍山·马鞍山市。
14203,河海大学文天学院,马鞍山,马鞍山市,民办,本科,0,0,0,河海大学文天学院是教育部公布的普通高等学校（本科），位于马鞍山·马鞍山市。
10918,黄淮学院,驻马店,驻马店市,公办,本科,0,0,0,黄淮学院是教育部公布的普通高等学校（本科），位于驻马店·驻马店市。
11445,黑龙江工业学院,鸡西,鸡西市,公办,本科,0,0,0,黑龙江工业学院是教育部公布的普通高等学校（本科），位于鸡西·鸡西市。
10514,黄冈师范学院,黄冈,黄冈市,公办,本科,0,0,0,黄冈师范学院是教育部公布的普通高等学校（本科），位于黄冈·黄冈市。
10375,黄山学院,黄山,黄山市,公办,本科,0,0,0,黄山学院是教育部公布的普通高等学校（本科），位于黄山·黄山市。
10513,湖北师范大学,黄石,黄石市,公办,本科,0,0,0,湖北师范大学是教育部公布的普通高等学校（本科），位于黄石·黄石市。
13256,湖北师范大学文理学院,黄石,黄石市,民办,本科,0,0,0,湖北师范大学文理学院是教育部公布的普通高等学校（本科），位于黄石·黄石市。
10920,湖北理工学院,黄石,黄石市,公办,本科,0,0,0,湖北理工学院是教育部公布的普通高等学校（本科），位于黄石·黄石市。
13744,黑河学院,黑河,黑河市,公办,本科,0,0,0,黑河学院是教育部公布的普通高等学校（本科），位于黑河·黑河市。
10669,凯里学院,黔东南苗族侗族自治州,黔东南苗族侗族自治州,公办,本科,0,0,0,凯里学院是教育部公布的普通高等学校（本科），位于黔东南苗族侗族自治州·黔东南苗族侗族自治州。
10670,黔南民族师范学院,黔南布依族苗族自治州,黔南布依族苗族自治州,公办,本科,0,0,0,黔南民族师范学院是教育部公布的普通高等学校（本科），位于黔南布依族苗族自治州·黔南布依族苗族自治州。
10666,兴义民族师范学院,黔西南布依族苗族自治州,黔西南布依族苗族自治州,公办,本科,0,0,0,兴义民族师范学院是教育部公布的普通高等学校（本科），位于黔西南布依族苗族自治州·黔西南布依族苗族自治州。
11230,齐齐哈尔医学院,齐齐哈尔,齐齐哈尔市,公办,本科,0,0,0,齐齐哈尔医学院是教育部公布的普通高等学校（本科），位于齐齐哈尔·齐齐哈尔市。
10232,齐齐哈尔大学,齐齐哈尔,齐齐哈尔市,公办,本科,0,0,0,齐齐哈尔大学是教育部公布的普通高等学校（本科），位于齐齐哈尔·齐齐哈尔市。
12729,齐齐哈尔工程学院,齐齐哈尔,齐齐哈尔市,民办,本科,0,0,0,齐齐哈尔工程学院是教育部公布的普通高等学校（本科），位于齐齐哈尔·齐齐哈尔市。
11312,龙岩学院,龙岩,龙岩市,公办,本科,0,0,0,龙岩学院是教育部公布的普通高等学校（本科），位于龙岩·龙岩市。
